period,stateid,price
2001,AK,10.54
2001,AL,5.6
2001,AR,6.05
2001,AZ,7.27
2001,CA,11.22
2001,CO,6.02
2001,CT,9.62
2001,DC,7.4
2001,DE,6.8
2001,ENC,6.46
2001,ESC,5.33
2001,FL,7.67
2001,GA,6.39
2001,HI,14.05
2001,IA,6.14
2001,ID,4.92
2001,IL,6.9
2001,IN,5.3
2001,KS,6.24
2001,KY,4.24
2001,LA,6.96
2001,MA,11.55
2001,MAT,9.74
2001,MD,6.6
2001,ME,10.55
2001,MI,6.97
2001,MN,5.97
2001,MO,6.03
2001,MS,6.26
2001,MT,6.48
2001,MTN,6.44
2001,NC,6.58
2001,ND,5.48
2001,NE,5.39
2001,NEW,10.86
2001,NH,10.95
2001,NJ,9.36
2001,NM,7.16
2001,NV,7.86
2001,NY,11.55
2001,OH,6.62
2001,OK,6.1
2001,OR,5.44
2001,PA,8.01
2001,PACC,9.26
2001,PACN,12.79
2001,RI,11.45
2001,SAT,6.68
2001,SC,5.77
2001,SD,6.35
2001,TN,5.59
2001,TX,7.38
2001,US,7.29
2001,UT,5.21
2001,VA,6.18
2001,VT,10.86
2001,WA,5.34
2001,WI,6.08
2001,WNC,5.99
2001,WSC,7.07
2001,WV,5.07
2001,WY,4.46
2002,AK,10.46
2002,AL,5.71
2002,AR,5.61
2002,AZ,7.21
2002,CA,12.19
2002,CO,6.0
2002,CT,9.71
2002,DC,7.34
2002,DE,6.91
2002,ENC,6.56
2002,ESC,5.39
2002,FL,7.31
2002,GA,6.24
2002,HI,13.39
2002,IA,6.01
2002,ID,5.58
2002,IL,6.94
2002,IN,5.34
2002,KS,6.31
2002,KY,4.26
2002,LA,5.99
2002,MA,10.06
2002,MAT,9.58
2002,MD,6.18
2002,ME,10.35
2002,MI,7.09
2002,MN,5.8
2002,MO,6.09
2002,MS,6.24
2002,MT,5.7
2002,MTN,6.52
2002,NC,6.74
2002,ND,5.45
2002,NE,5.55
2002,NEW,10.03
2002,NH,10.6
2002,NJ,9.3
2002,NM,6.73
2002,NV,8.42
2002,NY,11.16
2002,OH,6.77
2002,OK,5.59
2002,OR,6.32
2002,PA,8.06
2002,PACC,10.11
2002,PACN,12.35
2002,RI,9.2
2002,SAT,6.56
2002,SC,5.83
2002,SD,6.26
2002,TN,5.72
2002,TX,6.62
2002,US,7.2
2002,UT,5.39
2002,VA,6.23
2002,VT,10.87
2002,WA,5.88
2002,WI,6.28
2002,WNC,5.96
2002,WSC,6.33
2002,WV,5.11
2002,WY,4.68
2003,AK,10.5
2003,AL,5.88
2003,AR,5.57
2003,AZ,7.34
2003,CA,11.78
2003,CO,6.77
2003,CT,10.16
2003,DC,7.4
2003,DE,6.96
2003,ENC,6.53
2003,ESC,5.55
2003,FL,7.72
2003,GA,6.32
2003,HI,14.47
2003,IA,6.11
2003,ID,5.22
2003,IL,6.86
2003,IN,5.37
2003,KS,6.35
2003,KY,4.42
2003,LA,6.93
2003,MA,10.56
2003,MAT,10.09
2003,MD,6.45
2003,ME,9.79
2003,MI,6.85
2003,MN,6.01
2003,MO,6.02
2003,MS,6.46
2003,MT,6.14
2003,MTN,6.71
2003,NC,6.86
2003,ND,5.47
2003,NE,5.64
2003,NEW,10.42
2003,NH,10.83
2003,NJ,9.48
2003,NM,7.0
2003,NV,8.29
2003,NY,12.44
2003,OH,6.73
2003,OK,6.35
2003,OR,6.18
2003,PA,8.02
2003,PACC,9.83
2003,PACN,13.09
2003,RI,10.47
2003,SAT,6.77
2003,SC,6.08
2003,SD,6.35
2003,TN,5.84
2003,TX,7.5
2003,US,7.44
2003,UT,5.41
2003,VA,6.27
2003,VT,10.98
2003,WA,5.86
2003,WI,6.64
2003,WNC,6.03
2003,WSC,7.13
2003,WV,5.13
2003,WY,4.76
2004,AK,10.99
2004,AL,6.08
2004,AR,5.67
2004,AZ,7.45
2004,CA,11.35
2004,CO,6.95
2004,CT,10.26
2004,DC,7.47
2004,DE,7.53
2004,ENC,6.64
2004,ESC,5.83
2004,FL,8.16
2004,GA,6.58
2004,HI,15.7
2004,IA,6.4
2004,ID,4.97
2004,IL,6.8
2004,IN,5.58
2004,KS,6.37
2004,KY,4.63
2004,LA,7.13
2004,MA,10.77
2004,MAT,10.29
2004,MD,7.15
2004,ME,9.69
2004,MI,6.94
2004,MN,6.24
2004,MO,6.07
2004,MS,7.0
2004,MT,6.4
2004,MTN,6.86
2004,NC,6.97
2004,ND,5.69
2004,NE,5.7
2004,NEW,10.61
2004,NH,11.37
2004,NJ,10.29
2004,NM,7.1
2004,NV,8.56
2004,NY,12.55
2004,OH,6.89
2004,OK,6.5
2004,OR,6.21
2004,PA,8.0
2004,PACC,9.55
2004,PACN,14.05
2004,RI,10.96
2004,SAT,7.05
2004,SC,6.22
2004,SD,6.44
2004,TN,6.14
2004,TX,7.95
2004,US,7.61
2004,UT,5.69
2004,VA,6.43
2004,VT,11.02
2004,WA,5.8
2004,WI,6.88
2004,WNC,6.17
2004,WSC,7.47
2004,WV,5.13
2004,WY,4.98
2005,AK,11.72
2005,AL,6.46
2005,AR,6.3
2005,AZ,7.79
2005,CA,11.63
2005,CO,7.64
2005,CT,12.06
2005,DC,9.18
2005,DE,7.76
2005,ENC,6.91
2005,ESC,6.17
2005,FL,8.76
2005,GA,7.43
2005,HI,18.33
2005,IA,6.69
2005,ID,5.12
2005,IL,6.95
2005,IN,5.88
2005,KS,6.55
2005,KY,5.01
2005,LA,8.03
2005,MA,12.18
2005,MAT,11.07
2005,MD,8.13
2005,ME,10.57
2005,MI,7.23
2005,MN,6.61
2005,MO,6.13
2005,MS,7.54
2005,MT,6.72
2005,MTN,7.26
2005,NC,7.19
2005,ND,5.92
2005,NE,5.87
2005,NEW,11.95
2005,NH,12.53
2005,NJ,10.89
2005,NM,7.51
2005,NV,9.02
2005,NY,13.95
2005,OH,7.08
2005,OK,6.85
2005,OR,6.34
2005,PA,8.27
2005,PACC,9.74
2005,PACN,15.96
2005,RI,11.97
2005,SAT,7.59
2005,SC,6.72
2005,SD,6.6
2005,TN,6.31
2005,TX,9.14
2005,US,8.14
2005,UT,5.92
2005,VA,6.64
2005,VT,10.95
2005,WA,5.87
2005,WI,7.48
2005,WNC,6.37
2005,WSC,8.48
2005,WV,5.15
2005,WY,5.16
2006,AK,12.84
2006,AL,7.07
2006,AR,6.99
2006,AZ,8.24
2006,CA,12.82
2006,CO,7.61
2006,CT,14.83
2006,DC,11.08
2006,DE,10.13
2006,ENC,7.45
2006,ESC,6.78
2006,FL,10.45
2006,GA,7.63
2006,HI,20.72
2006,IA,7.01
2006,ID,4.92
2006,IL,7.07
2006,IN,6.46
2006,KS,6.89
2006,KY,5.43
2006,LA,8.3
2006,MA,15.45
2006,MAT,11.92
2006,MD,9.95
2006,ME,11.8
2006,MI,8.14
2006,MN,6.98
2006,MO,6.3
2006,MS,8.33
2006,MT,6.91
2006,MTN,7.46
2006,NC,7.53
2006,ND,6.21
2006,NE,6.07
2006,NEW,14.51
2006,NH,13.84
2006,NJ,11.88
2006,NM,7.37
2006,NV,9.63
2006,NY,15.27
2006,OH,7.71
2006,OK,7.3
2006,OR,6.53
2006,PA,8.68
2006,PACC,10.62
2006,PACN,17.82
2006,RI,13.98
2006,SAT,8.42
2006,SC,6.98
2006,SD,6.7
2006,TN,6.97
2006,TX,10.34
2006,US,8.9
2006,UT,5.99
2006,VA,6.86
2006,VT,11.37
2006,WA,6.14
2006,WI,8.13
2006,WNC,6.65
2006,WSC,9.42
2006,WV,5.04
2006,WY,5.27
2007,AK,13.28
2007,AL,7.57
2007,AR,6.96
2007,AZ,8.54
2007,CA,12.8
2007,CO,7.76
2007,CT,16.45
2007,DC,11.79
2007,DE,11.35
2007,ENC,7.97
2007,ESC,7.01
2007,FL,10.33
2007,GA,7.86
2007,HI,21.29
2007,IA,6.83
2007,ID,5.07
2007,IL,8.46
2007,IN,6.5
2007,KS,6.84
2007,KY,5.84
2007,LA,8.39
2007,MA,15.16
2007,MAT,12.31
2007,MD,11.5
2007,ME,14.59
2007,MI,8.53
2007,MN,7.44
2007,MO,6.56
2007,MS,8.03
2007,MT,7.13
2007,MTN,7.69
2007,NC,7.83
2007,ND,6.42
2007,NE,6.28
2007,NEW,15.08
2007,NH,13.98
2007,NJ,13.01
2007,NM,7.44
2007,NV,9.99
2007,NY,15.22
2007,OH,7.91
2007,OK,7.29
2007,OR,7.02
2007,PA,9.08
2007,PACC,10.71
2007,PACN,18.29
2007,RI,13.12
2007,SAT,8.68
2007,SC,7.18
2007,SD,6.89
2007,TN,7.07
2007,TX,10.11
2007,US,9.13
2007,UT,6.41
2007,VA,7.12
2007,VT,12.04
2007,WA,6.37
2007,WI,8.48
2007,WNC,6.83
2007,WSC,9.27
2007,WV,5.34
2007,WY,5.29
2008,AK,14.74
2008,AL,8.59
2008,AR,7.6
2008,AZ,9.11
2008,CA,12.49
2008,CO,8.59
2008,CT,17.8
2008,DC,13.18
2008,DE,12.38
2008,ENC,8.53
2008,ESC,7.87
2008,FL,10.74
2008,GA,8.84
2008,HI,29.2
2008,IA,6.89
2008,ID,5.69
2008,IL,9.23
2008,IN,7.09
2008,KS,7.45
2008,KY,6.26
2008,LA,9.44
2008,MA,16.23
2008,MAT,13.17
2008,MD,13.01
2008,ME,13.8
2008,MI,8.93
2008,MN,7.79
2008,MO,6.84
2008,MS,8.99
2008,MT,7.72
2008,MTN,8.18
2008,NC,7.96
2008,ND,6.69
2008,NE,6.58
2008,NEW,16.06
2008,NH,14.63
2008,NJ,14.43
2008,NM,8.35
2008,NV,9.89
2008,NY,16.47
2008,OH,8.39
2008,OK,7.81
2008,OR,7.24
2008,PA,9.33
2008,PACC,10.57
2008,PACN,23.73
2008,RI,16.04
2008,SAT,9.33
2008,SC,7.85
2008,SD,7.14
2008,TN,8.18
2008,TX,10.99
2008,US,9.74
2008,UT,6.49
2008,VA,8.0
2008,VT,12.33
2008,WA,6.55
2008,WI,9.0
2008,WNC,7.13
2008,WSC,10.13
2008,WV,5.61
2008,WY,5.67
2009,AK,15.09
2009,AL,8.83
2009,AR,7.57
2009,AZ,9.56
2009,CA,13.24
2009,CO,8.31
2009,CT,18.07
2009,DC,13.23
2009,DE,12.2
2009,ENC,8.91
2009,ESC,8.13
2009,FL,11.49
2009,GA,8.81
2009,HI,21.21
2009,IA,7.37
2009,ID,6.51
2009,IL,9.15
2009,IN,7.62
2009,KS,7.98
2009,KY,6.52
2009,LA,7.06
2009,MA,15.45
2009,MAT,12.92
2009,MD,13.09
2009,ME,13.12
2009,MI,9.4
2009,MN,8.14
2009,MO,7.35
2009,MS,8.85
2009,MT,7.58
2009,MTN,8.41
2009,NC,8.48
2009,ND,6.63
2009,NE,7.21
2009,NEW,15.65
2009,NH,15.09
2009,NJ,14.53
2009,NM,8.09
2009,NV,10.36
2009,NY,15.44
2009,OH,9.02
2009,OK,6.94
2009,OR,7.47
2009,PA,9.6
2009,PACC,11.04
2009,PACN,18.87
2009,RI,14.22
2009,SAT,9.87
2009,SC,8.42
2009,SD,7.39
2009,TN,8.69
2009,TX,9.86
2009,US,9.82
2009,UT,6.77
2009,VA,8.93
2009,VT,12.75
2009,WA,6.59
2009,WI,9.38
2009,WNC,7.57
2009,WSC,8.94
2009,WV,6.65
2009,WY,6.08
2010,AK,14.76
2010,AL,8.89
2010,AR,7.28
2010,AZ,9.69
2010,CA,13.01
2010,CO,9.15
2010,CT,17.38
2010,DC,13.35
2010,DE,11.97
2010,ENC,9.08
2010,ESC,8.16
2010,FL,10.58
2010,GA,8.87
2010,HI,25.12
2010,IA,7.66
2010,ID,6.54
2010,IL,9.13
2010,IN,7.67
2010,KS,8.35
2010,KY,6.73
2010,LA,7.8
2010,MA,14.26
2010,MAT,13.6
2010,MD,12.71
2010,ME,12.84
2010,MI,9.88
2010,MN,8.41
2010,MO,7.78
2010,MS,8.59
2010,MT,7.84
2010,MTN,8.59
2010,NC,8.67
2010,ND,7.11
2010,NE,7.52
2010,NEW,14.89
2010,NH,14.84
2010,NJ,14.68
2010,NM,8.4
2010,NV,9.73
2010,NY,16.41
2010,OH,9.14
2010,OK,7.59
2010,OR,7.56
2010,PA,10.31
2010,PACC,10.92
2010,PACN,21.14
2010,RI,14.07
2010,SAT,9.61
2010,SC,8.49
2010,SD,7.82
2010,TN,8.61
2010,TX,9.34
2010,US,9.83
2010,UT,6.94
2010,VA,8.69
2010,VT,13.24
2010,WA,6.66
2010,WI,9.78
2010,WNC,7.93
2010,WSC,8.74
2010,WV,7.45
2010,WY,6.2
2011,AK,16.08
2011,AL,9.1
2011,AR,7.43
2011,AZ,9.71
2011,CA,13.05
2011,CO,9.39
2011,CT,16.35
2011,DC,12.81
2011,DE,11.48
2011,ENC,9.22
2011,ESC,8.58
2011,FL,10.61
2011,GA,9.61
2011,HI,31.59
2011,IA,7.56
2011,ID,6.44
2011,IL,8.97
2011,IN,8.01
2011,KS,8.89
2011,KY,7.17
2011,LA,7.68
2011,MA,14.11
2011,MAT,13.37
2011,MD,11.93
2011,ME,12.58
2011,MI,10.4
2011,MN,8.65
2011,MO,8.32
2011,MS,8.78
2011,MT,8.23
2011,MTN,8.63
2011,NC,8.64
2011,ND,7.5
2011,NE,7.88
2011,NEW,14.49
2011,NH,14.74
2011,NJ,14.3
2011,NM,8.74
2011,NV,8.97
2011,NY,15.89
2011,OH,9.03
2011,OK,7.8
2011,OR,8.04
2011,PA,10.45
2011,PACC,11.01
2011,PACN,25.57
2011,RI,13.04
2011,SAT,9.74
2011,SC,8.8
2011,SD,8.05
2011,TN,9.28
2011,TX,9.0
2011,US,9.9
2011,UT,7.13
2011,VA,8.84
2011,VT,13.8
2011,WA,6.78
2011,WI,10.21
2011,WNC,8.26
2011,WSC,8.54
2011,WV,7.88
2011,WY,6.58
2012,AK,16.33
2012,AL,9.18
2012,AR,7.62
2012,AZ,9.81
2012,CA,13.53
2012,CO,9.39
2012,CT,15.54
2012,DC,11.85
2012,DE,11.06
2012,ENC,9.27
2012,ESC,8.58
2012,FL,10.44
2012,GA,9.37
2012,HI,34.04
2012,IA,7.71
2012,ID,6.92
2012,IL,8.4
2012,IN,8.29
2012,KS,9.33
2012,KY,7.26
2012,LA,6.9
2012,MA,13.79
2012,MAT,12.75
2012,MD,11.28
2012,ME,11.81
2012,MI,10.98
2012,MN,8.86
2012,MO,8.53
2012,MS,8.6
2012,MT,8.25
2012,MTN,8.82
2012,NC,9.15
2012,ND,7.83
2012,NE,8.37
2012,NEW,14.02
2012,NH,14.19
2012,NJ,13.68
2012,NM,8.83
2012,NV,8.95
2012,NY,15.15
2012,OH,9.12
2012,OK,7.54
2012,OR,8.21
2012,PA,9.91
2012,PACC,11.38
2012,PACN,26.96
2012,RI,12.74
2012,SAT,9.73
2012,SC,9.1
2012,SD,8.49
2012,TN,9.27
2012,TX,8.55
2012,US,9.84
2012,UT,7.84
2012,VA,9.07
2012,VT,14.22
2012,WA,6.94
2012,WI,10.28
2012,WNC,8.54
2012,WSC,8.11
2012,WV,8.14
2012,WY,7.19
2013,AK,16.49
2013,AL,9.02
2013,AR,7.93
2013,AZ,10.14
2013,CA,14.3
2013,CO,9.88
2013,CT,15.66
2013,DC,11.85
2013,DE,10.9
2013,ENC,9.4
2013,ESC,8.71
2013,FL,10.22
2013,GA,9.69
2013,HI,33.26
2013,IA,8.07
2013,ID,7.57
2013,IL,8.26
2013,IN,8.73
2013,KS,9.72
2013,KY,7.69
2013,LA,8.04
2013,MA,14.51
2013,MAT,12.85
2013,MD,11.66
2013,ME,11.86
2013,MI,11.21
2013,MN,9.41
2013,MO,9.04
2013,MS,9.11
2013,MT,8.58
2013,MTN,9.18
2013,NC,9.24
2013,ND,8.2
2013,NE,8.74
2013,NEW,14.47
2013,NH,14.3
2013,NJ,13.69
2013,NM,9.25
2013,NV,9.03
2013,NY,15.44
2013,OH,9.2
2013,OK,7.86
2013,OR,8.44
2013,PA,9.81
2013,PACC,11.94
2013,PACN,26.59
2013,RI,13.72
2013,SAT,9.75
2013,SC,9.24
2013,SD,8.86
2013,TN,9.13
2013,TX,8.66
2013,US,10.07
2013,UT,8.15
2013,VA,8.96
2013,VT,14.61
2013,WA,7.09
2013,WI,10.51
2013,WNC,8.98
2013,WSC,8.42
2013,WV,7.91
2013,WY,7.55
2014,AK,17.46
2014,AL,9.27
2014,AR,7.9
2014,AZ,10.18
2014,CA,15.15
2014,CO,10.06
2014,CT,17.05
2014,DC,12.11
2014,DE,11.22
2014,ENC,9.85
2014,ESC,9.08
2014,FL,10.77
2014,GA,10.03
2014,HI,33.43
2014,IA,8.15
2014,ID,7.93
2014,IL,9.36
2014,IN,9.06
2014,KS,10.16
2014,KY,8.15
2014,LA,8.09
2014,MA,15.35
2014,MAT,13.41
2014,MD,12.1
2014,ME,12.65
2014,MI,11.03
2014,MN,9.52
2014,MO,9.11
2014,MS,9.6
2014,MT,8.59
2014,MTN,9.42
2014,NC,9.33
2014,ND,8.41
2014,NE,8.84
2014,NEW,15.45
2014,NH,15.22
2014,NJ,13.95
2014,NM,9.65
2014,NV,9.73
2014,NY,16.25
2014,OH,9.73
2014,OK,8.18
2014,OR,8.68
2014,PA,10.28
2014,PACC,12.55
2014,PACN,27.13
2014,RI,15.41
2014,SAT,10.07
2014,SC,9.67
2014,SD,9.05
2014,TN,9.4
2014,TX,8.94
2014,US,10.44
2014,UT,8.35
2014,VA,9.17
2014,VT,14.57
2014,WA,7.13
2014,WI,10.57
2014,WNC,9.12
2014,WSC,8.65
2014,WV,7.65
2014,WY,7.76
2015,AK,17.59
2015,AL,9.33
2015,AR,8.19
2015,AZ,10.34
2015,CA,15.42
2015,CO,9.94
2015,CT,17.77
2015,DC,12.07
2015,DE,11.17
2015,ENC,9.89
2015,ESC,9.06
2015,FL,10.49
2015,GA,9.62
2015,HI,26.17
2015,IA,8.35
2015,ID,8.09
2015,IL,9.4
2015,IN,8.99
2015,KS,10.14
2015,KY,8.14
2015,LA,7.65
2015,MA,16.9
2015,MAT,13.0
2015,MD,12.07
2015,ME,12.78
2015,MI,10.76
2015,MN,9.53
2015,MO,9.44
2015,MS,9.53
2015,MT,8.9
2015,MTN,9.48
2015,NC,9.37
2015,ND,8.75
2015,NE,8.91
2015,NEW,16.52
2015,NH,16.02
2015,NJ,13.74
2015,NM,9.62
2015,NV,9.48
2015,NY,15.28
2015,OH,9.98
2015,OK,7.9
2015,OR,8.75
2015,PA,10.31
2015,PACC,12.82
2015,PACN,22.8
2015,RI,17.01
2015,SAT,9.97
2015,SC,9.58
2015,SD,9.47
2015,TN,9.3
2015,TX,8.7
2015,US,10.41
2015,UT,8.54
2015,VA,9.31
2015,VT,14.41
2015,WA,7.4
2015,WI,10.73
2015,WNC,9.29
2015,WSC,8.41
2015,WV,8.11
2015,WY,7.97
2016,AK,17.93
2016,AL,9.56
2016,AR,8.13
2016,AZ,10.33
2016,CA,15.23
2016,CO,9.83
2016,CT,17.24
2016,DC,11.73
2016,DE,11.09
2016,ENC,9.94
2016,ESC,9.04
2016,FL,9.91
2016,GA,9.59
2016,HI,23.87
2016,IA,8.55
2016,ID,8.08
2016,IL,9.38
2016,IN,9.22
2016,KS,10.49
2016,KY,8.42
2016,LA,7.46
2016,MA,16.48
2016,MAT,12.56
2016,MD,12.21
2016,ME,12.8
2016,MI,11.05
2016,MN,9.99
2016,MO,9.74
2016,MS,8.67
2016,MT,8.84
2016,MTN,9.31
2016,NC,9.2
2016,ND,8.94
2016,NE,9.05
2016,NEW,16.13
2016,NH,15.66
2016,NJ,13.38
2016,NM,9.12
2016,NV,8.38
2016,NY,14.47
2016,OH,9.84
2016,OK,7.83
2016,OR,8.83
2016,PA,10.19
2016,PACC,12.75
2016,PACN,21.53
2016,RI,16.28
2016,SAT,9.79
2016,SC,9.79
2016,SD,9.83
2016,TN,9.23
2016,TX,8.43
2016,US,10.27
2016,UT,8.72
2016,VA,9.09
2016,VT,14.46
2016,WA,7.68
2016,WI,10.67
2016,WNC,9.59
2016,WSC,8.19
2016,WV,8.98
2016,WY,8.19
2017,AK,19.1
2017,AL,9.83
2017,AR,8.26
2017,AZ,10.64
2017,CA,16.06
2017,CO,9.99
2017,CT,17.55
2017,DC,11.8
2017,DE,10.9
2017,ENC,10.12
2017,ESC,9.29
2017,FL,10.42
2017,GA,9.83
2017,HI,26.05
2017,IA,8.73
2017,ID,8.26
2017,IL,9.49
2017,IN,9.77
2017,KS,10.6
2017,KY,8.57
2017,LA,7.79
2017,MA,17.12
2017,MAT,12.63
2017,MD,11.98
2017,ME,13.02
2017,MI,11.28
2017,MN,10.27
2017,MO,10.03
2017,MS,9.09
2017,MT,8.92
2017,MTN,9.51
2017,NC,9.04
2017,ND,8.78
2017,NE,9.08
2017,NEW,16.58
2017,NH,16.17
2017,NJ,13.32
2017,NM,9.59
2017,NV,8.76
2017,NY,14.74
2017,OH,9.84
2017,OK,8.2
2017,OR,8.81
2017,PA,10.13
2017,PACC,13.28
2017,PACN,23.28
2017,RI,16.42
2017,SAT,9.96
2017,SC,9.97
2017,SD,10.05
2017,TN,9.45
2017,TX,8.38
2017,US,10.48
2017,UT,8.6
2017,VA,9.18
2017,VT,14.6
2017,WA,7.94
2017,WI,10.76
2017,WNC,9.77
2017,WSC,8.26
2017,WV,9.0
2017,WY,8.28
2018,AK,19.36
2018,AL,9.63
2018,AR,7.78
2018,AZ,10.85
2018,CA,16.58
2018,CO,10.02
2018,CT,18.41
2018,DC,12.03
2018,DE,10.55
2018,ENC,10.17
2018,ESC,9.29
2018,FL,10.32
2018,GA,9.62
2018,HI,29.18
2018,IA,8.92
2018,ID,8.17
2018,IL,9.6
2018,IN,9.75
2018,KS,10.72
2018,KY,8.52
2018,LA,7.71
2018,MA,18.5
2018,MAT,12.63
2018,MD,11.57
2018,ME,13.44
2018,MI,11.4
2018,MN,10.37
2018,MO,9.93
2018,MS,9.24
2018,MT,8.84
2018,MTN,9.48
2018,NC,9.25
2018,ND,8.91
2018,NE,9.02
2018,NEW,17.63
2018,NH,17.01
2018,NJ,13.23
2018,NM,9.35
2018,NV,8.67
2018,NY,14.83
2018,OH,9.94
2018,OK,8.09
2018,OR,8.85
2018,PA,10.1
2018,PACC,13.66
2018,PACN,25.35
2018,RI,18.1
2018,SAT,9.9
2018,SC,9.67
2018,SD,9.97
2018,TN,9.58
2018,TX,8.48
2018,US,10.53
2018,UT,8.21
2018,VA,9.48
2018,VT,15.13
2018,WA,8.0
2018,WI,10.58
2018,WNC,9.81
2018,WSC,8.27
2018,WV,8.72
2018,WY,8.09
2019,AK,20.22
2019,AL,9.83
2019,AR,8.22
2019,AZ,10.52
2019,CA,16.89
2019,CO,10.17
2019,CT,18.66
2019,DC,12.27
2019,DE,10.52
2019,ENC,10.13
2019,ESC,9.4
2019,FL,10.44
2019,GA,9.86
2019,HI,28.72
2019,IA,9.08
2019,ID,7.89
2019,IL,9.56
2019,IN,9.91
2019,KS,10.26
2019,KY,8.61
2019,LA,7.71
2019,MA,18.4
2019,MAT,12.35
2019,MD,11.24
2019,ME,14.04
2019,MI,11.56
2019,MN,10.33
2019,MO,9.68
2019,MS,9.28
2019,MT,9.02
2019,MTN,9.39
2019,NC,9.45
2019,ND,8.85
2019,NE,9.08
2019,NEW,17.76
2019,NH,17.15
2019,NJ,13.42
2019,NM,8.99
2019,NV,8.78
2019,NY,14.34
2019,OH,9.58
2019,OK,7.86
2019,OR,8.81
2019,PA,9.81
2019,PACC,13.79
2019,PACN,25.48
2019,RI,18.49
2019,SAT,10.02
2019,SC,10.02
2019,SD,9.96
2019,TN,9.69
2019,TX,8.6
2019,US,10.54
2019,UT,8.24
2019,VA,9.52
2019,VT,15.36
2019,WA,8.04
2019,WI,10.66
2019,WNC,9.69
2019,WSC,8.36
2019,WV,8.49
2019,WY,8.1
2020,AK,19.82
2020,AL,9.84
2020,AR,8.32
2020,AZ,10.44
2020,CA,18.0
2020,CO,10.27
2020,CT,19.13
2020,DC,11.9
2020,DE,10.24
2020,ENC,10.28
2020,ESC,9.32
2020,FL,10.06
2020,GA,9.93
2020,HI,27.55
2020,IA,8.97
2020,ID,7.99
2020,IL,9.75
2020,IN,9.92
2020,KS,10.38
2020,KY,8.58
2020,LA,7.51
2020,MA,18.19
2020,MAT,12.56
2020,MD,11.15
2020,ME,13.54
2020,MI,12.21
2020,MN,10.57
2020,MO,9.64
2020,MS,9.13
2020,MT,9.13
2020,MTN,9.4
2020,NC,9.43
2020,ND,8.53
2020,NE,8.97
2020,NEW,17.73
2020,NH,16.63
2020,NJ,13.63
2020,NM,9.33
2020,NV,8.33
2020,NY,14.87
2020,OH,9.44
2020,OK,7.63
2020,OR,8.82
2020,PA,9.7
2020,PACC,14.63
2020,PACN,24.44
2020,RI,18.54
2020,SAT,9.84
2020,SC,9.9
2020,SD,10.06
2020,TN,9.52
2020,TX,8.36
2020,US,10.59
2020,UT,8.27
2020,VA,9.16
2020,VT,16.33
2020,WA,8.33
2020,WI,10.82
2020,WNC,9.69
2020,WSC,8.17
2020,WV,8.75
2020,WY,8.27
2021,AK,20.02
2021,AL,10.18
2021,AR,9.1
2021,AZ,10.73
2021,CA,19.65
2021,CO,10.9
2021,CT,18.32
2021,DC,12.81
2021,DE,10.5
2021,ENC,10.69
2021,ESC,9.69
2021,FL,10.67
2021,GA,10.43
2021,HI,30.31
2021,IA,9.13
2021,ID,8.17
2021,IL,10.14
2021,IN,10.36
2021,KS,10.47
2021,KY,9.12
2021,LA,8.82
2021,MA,19.06
2021,MAT,13.22
2021,MD,11.48
2021,ME,13.96
2021,MI,12.93
2021,MN,11.08
2021,MO,9.85
2021,MS,9.5
2021,MT,9.5
2021,MTN,9.7
2021,NC,9.29
2021,ND,8.65
2021,NE,8.84
2021,NEW,18.03
2021,NH,17.37
2021,NJ,14.01
2021,NM,9.79
2021,NV,8.58
2021,NY,16.11
2021,OH,9.76
2021,OK,8.52
2021,OR,8.95
2021,PA,9.97
2021,PACC,15.7
2021,PACN,26.19
2021,RI,18.44
2021,SAT,10.12
2021,SC,9.96
2021,SD,10.43
2021,TN,9.78
2021,TX,9.14
2021,US,11.1
2021,UT,8.34
2021,VA,9.14
2021,VT,16.34
2021,WA,8.75
2021,WI,11.01
2021,WNC,9.9
2021,WSC,9.03
2021,WV,8.87
2021,WY,8.25
2022,AK,20.73
2022,AL,11.59
2022,AR,9.91
2022,AZ,11.31
2022,CA,22.33
2022,CO,11.75
2022,CT,21.08
2022,DC,14.94
2022,DE,11.83
2022,ENC,11.77
2022,ESC,10.91
2022,FL,12.51
2022,GA,12.0
2022,HI,39.72
2022,IA,9.57
2022,ID,8.51
2022,IL,11.94
2022,IN,11.66
2022,KS,11.47
2022,KY,10.51
2022,LA,10.41
2022,MA,21.27
2022,MAT,15.02
2022,MD,13.32
2022,ME,17.44
2022,MI,13.2
2022,MN,12.04
2022,MO,10.26
2022,MS,10.36
2022,MT,9.97
2022,MTN,10.46
2022,NC,9.6
2022,ND,8.42
2022,NE,8.83
2022,NEW,20.47
2022,NH,21.07
2022,NJ,14.8
2022,NM,10.02
2022,NV,10.94
2022,NY,18.33
2022,OH,10.64
2022,OK,10.05
2022,OR,9.26
2022,PA,11.86
2022,PACC,17.46
2022,PACN,32.14
2022,RI,19.3
2022,SAT,11.48
2022,SC,10.74
2022,SD,10.44
2022,TN,10.89
2022,TX,10.16
2022,US,12.36
2022,UT,8.8
2022,VA,10.75
2022,VT,16.99
2022,WA,9.05
2022,WI,11.95
2022,WNC,10.38
2022,WSC,10.16
2022,WV,9.74
2022,WY,8.24
2023,AK,21.41
2023,AL,11.47
2023,AR,9.73
2023,AZ,12.19
2023,CA,24.87
2023,CO,11.76
2023,CT,24.24
2023,DC,16.5
2023,DE,12.85
2023,ENC,11.98
2023,ESC,10.78
2023,FL,13.53
2023,GA,11.06
2023,HI,38.6
2023,IA,9.42
2023,ID,9.08
2023,IL,11.75
2023,IN,11.49
2023,KS,10.8
2023,KY,9.96
2023,LA,8.91
2023,MA,23.21
2023,MAT,15.4
2023,MD,14.34
2023,ME,20.84
2023,MI,13.68
2023,MN,12.21
2023,MO,10.87
2023,MS,10.95
2023,MT,10.97
2023,MTN,11.07
2023,NC,10.61
2023,ND,8.03
2023,NE,9.14
2023,NEW,22.81
2023,NH,22.96
2023,NJ,15.27
2023,NM,9.47
2023,NV,13.09
2023,NY,18.28
2023,OH,11.04
2023,OK,9.3
2023,OR,10.32
2023,PA,12.57
2023,PACC,19.15
2023,PACN,31.67
2023,RI,21.62
2023,SAT,11.88
2023,SC,10.5
2023,SD,10.49
2023,TN,10.69
2023,TX,10.04
2023,US,12.68
2023,UT,9.03
2023,VA,10.68
2023,VT,17.53
2023,WA,9.58
2023,WI,12.72
2023,WNC,10.44
2023,WSC,9.79
2023,WV,10.26
2023,WY,8.39
