year,state,price,sales,avg_temp,disaster_count
2001,AK,10.54,5454.08,66.45833333333333,1.0
2001,AL,5.6,79358.258,63.03333333333333,1.0
2001,AR,6.05,41732.449,61.225,1.0
2001,AZ,7.27,62274.304,61.20000000000001,1.0
2001,CA,11.22,247758.778,59.125,0.0
2001,CO,6.02,44236.038,46.85,1.0
2001,CT,9.62,30540.758,50.24166666666667,0.0
2001,DE,6.8,11378.626,56.09166666666666,0.0
2001,FL,7.67,200752.133,70.93333333333335,2.0
2001,GA,6.39,117790.473,63.94166666666667,1.0
2001,HI,14.05,9784.563,27.33333333333333,1.0
2001,IA,6.14,39443.755,49.05833333333334,1.0
2001,ID,4.92,21096.017,44.24166666666667,0.0
2001,IL,6.9,136033.549,53.35833333333332,1.0
2001,IN,5.3,97733.968,53.15833333333333,0.0
2001,KS,6.24,35846.951,55.91666666666668,1.0
2001,KY,4.24,79975.499,56.59166666666667,2.0
2001,LA,6.96,74692.751,66.65833333333332,0.0
2001,MA,11.55,52496.075,49.09166666666666,1.0
2001,MD,6.6,61640.02,55.325,0.0
2001,ME,10.55,12151.997,42.65,1.0
2001,MI,6.97,102409.347,46.8,1.0
2001,MN,5.97,60686.852,43.04999999999999,2.0
2001,MO,6.03,73213.157,55.80833333333334,0.0
2001,MS,6.26,44286.865,63.70000000000001,1.0
2001,MT,6.48,11446.658,43.650000000000006,1.0
2001,NC,6.58,119026.943,59.39166666666666,0.0
2001,ND,5.48,9809.757,42.24166666666667,2.0
2001,NE,5.39,24722.64,50.33333333333332,1.0
2001,NH,10.95,10315.551,44.575,0.0
2001,NJ,9.36,73177.39,53.64166666666667,1.0
2001,NM,7.16,18726.594,54.575,1.0
2001,NV,7.86,28167.293,51.55833333333334,1.0
2001,NY,11.55,144180.76,46.93333333333334,1.0
2001,OH,6.62,155797.714,52.366666666666674,1.0
2001,OK,6.1,49666.725,60.78333333333334,1.0
2001,OR,5.44,45884.83,47.78333333333334,1.0
2001,PA,8.01,135271.933,49.93333333333333,1.0
2001,RI,11.45,7392.917,51.09166666666667,0.0
2001,SC,5.77,74832.367,63.29166666666666,0.0
2001,SD,6.35,8626.999,46.49166666666667,2.0
2001,TN,5.59,96130.718,58.24999999999999,2.0
2001,TX,7.38,318044.174,65.69999999999999,1.0
2001,UT,5.21,23217.308,49.98333333333332,1.0
2001,VA,6.18,96453.175,55.84166666666667,2.0
2001,VT,10.86,5585.446,43.78333333333333,1.0
2001,WA,5.34,78495.247,46.875,1.0
2001,WI,6.08,65218.293,45.32500000000001,1.0
2001,WV,5.07,27669.432,52.69166666666666,1.0
2001,WY,4.46,12949.505,43.20000000000001,2.0
2002,AK,10.46,5465.489,66.60833333333333,1.0
2002,AL,5.71,83067.078,63.575,2.0
2002,AR,5.61,42449.558,60.58333333333334,1.0
2002,AZ,7.21,62600.737,61.175,1.0
2002,CA,12.19,235213.332,58.85,1.0
2002,CO,6.0,45936.696,46.083333333333336,1.0
2002,CT,9.71,31005.489,50.46666666666666,0.0
2002,DE,6.91,12018.734,57.15833333333333,0.0
2002,FL,7.31,210473.53,71.29166666666667,0.0
2002,GA,6.24,123789.078,64.35833333333333,0.0
2002,HI,13.39,9891.638,30.08333333333334,0.0
2002,IA,6.01,40897.543,49.16666666666666,1.0
2002,ID,5.58,20699.666,42.958333333333336,0.0
2002,IL,6.94,138447.313,53.241666666666674,1.0
2002,IN,5.34,101428.55,53.116666666666674,1.0
2002,KS,6.31,36713.54,55.18333333333333,0.0
2002,KY,4.26,87266.835,56.833333333333336,2.0
2002,LA,5.99,79260.989,66.64166666666667,1.0
2002,MA,10.06,53707.537,49.34166666666666,0.0
2002,MD,6.18,68379.906,56.275,1.0
2002,ME,10.35,11441.358,41.7,0.0
2002,MI,7.09,104713.52,45.74166666666667,1.0
2002,MN,5.8,62162.361,42.04166666666666,2.0
2002,MO,6.09,75000.629,55.31666666666667,1.0
2002,MS,6.24,45451.85,63.98333333333334,1.0
2002,MT,5.7,12831.388,41.44166666666667,1.0
2002,NC,6.74,122686.468,59.975,0.0
2002,ND,5.45,10219.353,40.99999999999999,2.0
2002,NE,5.55,25661.061,50.00833333333333,1.0
2002,NH,10.6,10383.387,44.525000000000006,0.0
2002,NJ,9.3,74602.62,54.30833333333334,1.0
2002,NM,6.73,19206.917,54.383333333333326,1.0
2002,NV,8.42,29204.272,50.8,1.0
2002,NY,11.16,147440.116,46.84166666666666,0.0
2002,OH,6.77,153407.098,52.53333333333333,0.0
2002,OK,5.59,49485.466,59.41666666666668,1.0
2002,OR,6.32,45255.173,47.708333333333336,2.0
2002,PA,8.06,139819.87,50.3,0.0
2002,RI,9.2,7560.699,51.175,0.0
2002,SC,5.83,77819.392,63.7,1.0
2002,SD,6.26,8936.801,46.24166666666665,1.0
2002,TN,5.72,98233.027,58.725,2.0
2002,TX,6.62,320845.849,65.02499999999999,1.0
2002,UT,5.39,23267.188,48.825,1.0
2002,VA,6.23,100618.57,56.55833333333334,2.0
2002,VT,10.87,5629.263,43.56666666666666,1.0
2002,WA,5.88,75403.856,46.93333333333334,1.0
2002,WI,6.28,66999.296,44.58333333333334,2.0
2002,WV,5.11,28463.122,53.23333333333335,2.0
2002,WY,4.68,12874.06,41.375,1.0
2003,AK,10.5,5563.682,66.86666666666667,1.0
2003,AL,5.88,83844.22,62.73333333333334,2.0
2003,AR,5.57,43108.259,60.26666666666666,1.0
2003,AZ,7.34,64079.56,61.9,1.0
2003,CA,11.78,243221.316,59.42499999999999,1.0
2003,CO,6.77,46494.645,47.025000000000006,1.0
2003,CT,10.16,31830.218,48.15833333333333,0.0
2003,DE,6.96,12599.59,54.583333333333336,1.0
2003,FL,7.72,217378.622,70.86666666666666,1.0
2003,GA,6.32,123676.657,63.316666666666656,0.0
2003,HI,14.47,10390.836,29.108333333333334,1.0
2003,IA,6.11,41207.284,47.90833333333333,0.0
2003,ID,5.22,21218.685,45.36666666666667,0.0
2003,IL,6.86,136247.891,51.70833333333332,1.0
2003,IN,5.37,100467.779,51.06666666666667,1.0
2003,KS,6.35,36735.39,54.96666666666667,1.0
2003,KY,4.42,85219.631,55.241666666666674,1.0
2003,LA,6.93,77769.322,66.375,1.0
2003,MA,10.56,55514.357,47.10833333333333,0.0
2003,MD,6.45,71258.583,53.91666666666666,2.0
2003,ME,9.79,11971.837,40.45,0.0
2003,MI,6.85,108877.193,43.96666666666667,0.0
2003,MN,6.01,63087.339,41.516666666666666,0.0
2003,MO,6.02,74239.888,54.5,1.0
2003,MS,6.46,45543.881,63.26666666666666,2.0
2003,MT,6.14,12824.66,43.333333333333336,1.0
2003,NC,6.86,121335.121,58.725,1.0
2003,ND,5.47,10461.108,40.766666666666666,1.0
2003,NE,5.64,25856.566,49.78333333333334,1.0
2003,NH,10.83,10972.542,42.49999999999999,1.0
2003,NJ,9.48,76382.512,51.84166666666666,0.0
2003,NM,7.0,19330.491,55.48333333333333,1.0
2003,NV,8.29,30131.66,52.24166666666667,1.0
2003,NY,12.44,144044.703,44.525,1.0
2003,OH,6.73,152189.238,50.23333333333333,2.0
2003,OK,6.35,50428.168,59.86666666666667,2.0
2003,OR,6.18,45194.73,49.04166666666666,1.0
2003,PA,8.02,140369.128,47.975,1.0
2003,RI,10.47,7796.626,48.98333333333333,0.0
2003,SC,6.08,77054.098,62.35833333333334,0.0
2003,SD,6.35,9079.99,46.05833333333334,0.0
2003,TN,5.84,97455.808,57.508333333333326,1.0
2003,TX,7.5,322685.955,65.49999999999999,2.0
2003,UT,5.41,23860.35,50.6,1.0
2003,VA,6.27,101509.731,54.95000000000001,2.0
2003,VT,10.98,5352.429,41.48333333333333,1.0
2003,WA,5.86,78133.501,48.175,1.0
2003,WI,6.64,67241.494,43.2,0.0
2003,WV,5.13,28296.993,51.58333333333332,2.0
2003,WY,4.76,13253.836,43.05,0.0
2004,AK,10.99,5788.484,67.06666666666666,1.0
2004,AL,6.08,86870.519,63.33333333333332,1.0
2004,AR,5.67,43672.36,61.025000000000006,1.0
2004,AZ,7.45,66933.251,60.40833333333333,1.0
2004,CA,11.35,252025.973,58.85833333333335,1.0
2004,CO,6.95,46723.841,45.84166666666667,1.0
2004,CT,10.26,32214.61,48.75833333333333,0.0
2004,DE,7.53,11761.153,55.825,0.0
2004,FL,8.16,218584.494,70.81666666666666,1.0
2004,GA,6.58,129465.784,63.975,1.0
2004,HI,15.7,10731.52,29.325,1.0
2004,IA,6.4,40902.773,48.50833333333333,1.0
2004,ID,4.97,21808.674,44.15,0.0
2004,IL,6.8,139253.956,52.583333333333336,1.0
2004,IN,5.58,103094.263,52.21666666666666,1.0
2004,KS,6.37,37126.54,55.06666666666667,1.0
2004,KY,4.63,86521.156,56.40833333333333,1.0
2004,LA,7.13,79737.112,67.14166666666667,2.0
2004,MA,10.77,56142.019,47.61666666666667,1.0
2004,MD,7.15,66891.7,55.16666666666668,0.0
2004,ME,9.69,12367.668,40.44166666666666,1.0
2004,MI,6.94,106606.04,44.583333333333336,1.0
2004,MN,6.24,63340.315,41.3,0.0
2004,MO,6.07,74054.296,54.96666666666667,1.0
2004,MS,7.0,46032.538,64.00833333333333,1.0
2004,MT,6.4,12956.782,42.81666666666667,0.0
2004,NC,6.97,125656.807,59.34166666666667,1.0
2004,ND,5.69,10516.4,40.54166666666666,1.0
2004,NE,5.7,25875.93,49.80833333333333,1.0
2004,NH,11.37,10973.309,42.98333333333333,0.0
2004,NJ,10.29,77593.167,53.01666666666667,1.0
2004,NM,7.1,19845.735,53.54166666666666,2.0
2004,NV,8.56,31312.306,50.833333333333336,1.0
2004,NY,12.55,145081.709,45.16666666666666,1.0
2004,OH,6.89,154221.114,51.34166666666668,1.0
2004,OK,6.5,50942.042,60.15,0.0
2004,OR,6.21,45636.448,48.45,2.0
2004,PA,8.0,143501.493,49.06666666666667,2.0
2004,RI,10.96,7887.575,49.32500000000001,0.0
2004,SC,6.22,79908.34,63.18333333333334,2.0
2004,SD,6.44,9213.844,46.29166666666666,2.0
2004,TN,6.14,99660.665,58.49166666666665,0.0
2004,TX,7.95,320614.84,65.24166666666667,0.0
2004,UT,5.69,24511.704,48.70000000000001,1.0
2004,VA,6.43,105424.173,55.88333333333333,1.0
2004,VT,11.02,5663.772,41.84166666666666,1.0
2004,WA,5.8,79981.608,48.39166666666667,2.0
2004,WI,6.88,67975.709,43.51666666666666,1.0
2004,WV,5.13,28918.612,52.71666666666667,1.0
2004,WY,4.98,13539.513,42.40833333333334,1.0
2005,AK,11.72,5912.571,66.73333333333332,1.0
2005,AL,6.46,89201.62,63.39166666666665,1.0
2005,AR,6.3,46164.923,61.958333333333336,1.0
2005,AZ,7.79,69390.686,61.13333333333333,3.0
2005,CA,11.63,254249.507,58.6,3.0
2005,CO,7.64,48353.236,46.76666666666667,1.0
2005,CT,12.06,33095.029,49.50833333333333,1.0
2005,DE,7.76,12136.788,55.725,2.0
2005,FL,8.76,224977.011,70.83333333333333,1.0
2005,GA,7.43,132265.452,63.79166666666666,1.0
2005,HI,18.33,10538.91,29.183333333333334,2.0
2005,IA,6.69,42756.808,49.61666666666667,1.0
2005,ID,5.12,21852.681,43.583333333333336,2.0
2005,IL,6.95,144986.215,53.70000000000001,1.0
2005,IN,5.88,106548.91,52.85,2.0
2005,KS,6.55,39024.283,55.89166666666667,2.0
2005,KY,5.01,89351.466,56.78333333333333,1.0
2005,LA,8.03,77389.17,67.50833333333334,2.0
2005,MA,12.18,57227.588,48.39166666666667,1.0
2005,MD,8.13,68365.385,55.16666666666666,1.0
2005,ME,10.57,12362.879,41.833333333333336,2.0
2005,MI,7.23,110444.563,46.04166666666668,1.0
2005,MN,6.61,66019.053,43.06666666666667,2.0
2005,MO,6.13,80940.494,56.23333333333332,1.0
2005,MS,7.54,45901.064,64.27500000000002,1.0
2005,MT,6.72,13478.838,43.05833333333334,1.0
2005,NC,7.19,128335.377,59.425,1.0
2005,ND,5.92,10839.99,42.4,1.0
2005,NE,5.87,26975.944,50.70000000000001,2.0
2005,NH,12.53,11244.628,44.03333333333333,1.0
2005,NJ,10.89,81896.813,53.45,2.0
2005,NM,7.51,20638.951,54.71666666666666,1.0
2005,NV,9.02,32500.63,50.66666666666666,3.0
2005,NY,13.95,150147.571,46.225,2.0
2005,OH,7.08,160176.303,51.79166666666666,2.0
2005,OK,6.85,53707.102,60.84166666666666,1.0
2005,OR,6.34,46419.245,47.708333333333336,1.0
2005,PA,8.27,148272.94,49.49166666666667,2.0
2005,RI,11.97,8049.112,50.09166666666667,1.0
2005,SC,6.72,81254.088,63.06666666666669,1.0
2005,SD,6.6,9811.017,47.34166666666667,2.0
2005,TN,6.31,103905.421,58.74999999999999,2.0
2005,TX,9.14,334258.262,65.96666666666667,1.0
2005,UT,5.92,25000.498,49.33333333333334,3.0
2005,VA,6.64,108849.552,55.933333333333344,2.0
2005,VT,10.95,5883.053,43.41666666666666,0.0
2005,WA,5.87,83425.2,47.333333333333336,1.0
2005,WI,7.48,70335.683,45.06666666666666,1.0
2005,WV,5.15,30152.069,52.75833333333333,2.0
2005,WY,5.16,14137.727,42.84166666666667,1.0
2006,AK,12.84,6182.291,66.44166666666666,3.0
2006,AL,7.07,90677.695,64.19999999999999,0.0
2006,AR,6.99,46635.624,61.991666666666674,1.0
2006,AZ,8.24,73252.776,61.12499999999999,2.0
2006,CA,12.82,262958.528,58.64166666666666,2.0
2006,CO,7.61,49733.698,46.508333333333326,1.0
2006,CT,14.83,31677.453,51.13333333333333,1.0
2006,DE,10.13,11554.672,57.325,1.0
2006,FL,10.45,228219.544,71.35833333333333,2.0
2006,GA,7.63,134834.168,64.55,0.0
2006,HI,20.72,10567.912,26.40000000000001,2.0
2006,IA,7.01,43336.835,50.39166666666666,0.0
2006,ID,4.92,22761.749,44.18333333333334,1.0
2006,IL,7.07,142447.811,53.99999999999999,1.0
2006,IN,6.46,105664.484,53.425,1.0
2006,KS,6.89,39751.302,56.87500000000001,2.0
2006,KY,5.43,88743.435,56.80833333333333,1.0
2006,LA,8.3,77467.748,67.77499999999999,0.0
2006,MA,15.45,55850.09,50.11666666666667,1.0
2006,MD,9.95,63173.143,56.51666666666666,1.0
2006,ME,11.8,12284.768,43.975,1.0
2006,MI,8.14,108017.697,47.01666666666667,0.0
2006,MN,6.98,66769.931,44.38333333333333,2.0
2006,MO,6.3,82015.23,56.75,1.0
2006,MS,8.33,46936.437,64.75833333333334,0.0
2006,MT,6.91,13814.98,44.375,1.0
2006,NC,7.53,126698.979,59.81666666666667,1.0
2006,ND,6.21,11245.238,43.833333333333336,1.0
2006,NE,6.07,27276.292,51.09166666666668,2.0
2006,NH,13.84,11094.343,45.78333333333334,1.0
2006,NJ,11.88,79680.947,54.975,1.0
2006,NM,7.37,21434.957,54.74166666666667,2.0
2006,NV,9.63,34586.26,50.79166666666668,2.0
2006,NY,15.27,142238.019,47.63333333333333,1.0
2006,OH,7.71,153428.844,52.708333333333336,1.0
2006,OK,7.3,54905.314,62.15833333333333,2.0
2006,OR,6.53,48069.265,47.95,2.0
2006,PA,8.68,146150.358,50.75833333333333,1.0
2006,RI,13.98,7799.126,51.84166666666668,0.0
2006,SC,6.98,80877.321,63.61666666666667,0.0
2006,SD,6.7,10056.387,48.14166666666667,2.0
2006,TN,6.97,103931.744,58.89166666666666,1.0
2006,TX,10.34,342724.213,67.11666666666666,2.0
2006,UT,5.99,26365.716,49.16666666666666,0.0
2006,VA,6.86,106721.241,56.57500000000001,2.0
2006,VT,11.37,5795.029,45.05833333333333,0.0
2006,WA,6.14,85033.335,47.50833333333333,2.0
2006,WI,8.13,69820.749,45.99166666666667,0.0
2006,WV,5.04,32312.126,53.03333333333333,0.0
2006,WY,5.27,14946.612,43.16666666666668,1.0
2007,AK,13.28,6326.61,66.12500000000001,2.0
2007,AL,7.57,91828.464,64.4,1.0
2007,AR,6.96,47054.891,61.80833333333334,0.0
2007,AZ,8.54,77193.206,61.58333333333332,0.0
2007,CA,12.8,264234.911,58.925,1.0
2007,CO,7.76,51299.156,46.175,1.0
2007,CT,16.45,34129.107,49.53333333333333,1.0
2007,DE,11.35,11868.81,56.29166666666668,0.0
2007,FL,10.33,231084.6,71.75,2.0
2007,GA,7.86,137453.878,64.8,2.0
2007,HI,21.29,10585.299,28.08333333333333,1.0
2007,IA,6.83,45269.523,48.89166666666667,1.0
2007,ID,5.07,23755.186,44.775,1.0
2007,IL,8.46,146055.151,53.67500000000001,1.0
2007,IN,6.5,109420.15,53.28333333333333,1.0
2007,KS,6.84,40165.977,55.075,1.0
2007,KY,5.84,92404.1,57.71666666666666,1.0
2007,LA,8.39,79566.937,67.38333333333334,1.0
2007,MA,15.16,57138.822,48.29166666666668,1.0
2007,MD,11.5,65390.66,55.69166666666666,0.0
2007,ME,14.59,11860.202,40.71666666666667,2.0
2007,MI,8.53,109296.749,46.09166666666667,0.0
2007,MN,7.44,68231.182,42.4,1.0
2007,MO,6.56,85532.85,56.18333333333334,1.0
2007,MS,8.03,48153.181,64.95,0.0
2007,MT,7.13,15531.985,44.025000000000006,1.0
2007,NC,7.83,131880.754,60.475,0.0
2007,ND,6.42,11905.695,41.766666666666666,1.0
2007,NE,6.28,28248.4,49.958333333333336,1.0
2007,NH,13.98,11235.856,43.1,1.0
2007,NJ,13.01,81934.334,53.58333333333334,2.0
2007,NM,7.44,22267.394,54.21666666666667,2.0
2007,NV,9.99,35643.402,51.525,1.0
2007,NY,15.22,148177.523,45.65833333333333,1.0
2007,OH,7.91,161770.827,52.26666666666666,1.0
2007,OK,7.29,55193.2,60.05,1.0
2007,OR,7.02,48696.965,47.78333333333334,2.0
2007,PA,9.08,151572.95,49.49999999999999,1.0
2007,RI,13.12,8013.022,50.28333333333333,1.0
2007,SC,7.18,81948.158,64.3,0.0
2007,SD,6.89,10603.301,46.8,2.0
2007,TN,7.07,106716.934,59.94166666666667,0.0
2007,TX,10.11,343828.582,64.84166666666667,3.0
2007,UT,6.41,27785.447,49.89166666666667,1.0
2007,VA,7.12,111569.552,56.80000000000001,0.0
2007,VT,12.04,5864.006,42.175,1.0
2007,WA,6.37,85741.947,46.79166666666666,2.0
2007,WI,8.48,71301.3,44.74166666666667,1.0
2007,WV,5.34,34183.839,53.29166666666666,1.0
2007,WY,5.29,15535.552,43.29166666666666,1.0
2008,AK,14.74,6325.94399,65.64999999999999,1.0
2008,AL,8.59,89707.27901,62.91666666666668,2.0
2008,AR,7.6,46134.68101,59.85833333333333,2.0
2008,AZ,9.11,76267.91602,60.61666666666665,1.0
2008,CA,12.49,268155.21898,58.91666666666666,1.0
2008,CO,8.59,52142.47301,44.94166666666666,2.0
2008,CT,17.8,30956.544,49.70000000000001,0.0
2008,DE,12.38,11748.783,56.30833333333334,0.0
2008,FL,10.74,226172.795,70.825,3.0
2008,GA,8.84,135173.514,63.51666666666667,1.0
2008,HI,29.2,10390.279,25.075000000000003,2.0
2008,IA,6.89,45488.06998,45.91666666666666,1.0
2008,ID,5.69,23901.49001,42.525000000000006,1.0
2008,IL,9.23,144619.914,50.91666666666666,1.0
2008,IN,7.09,106980.704,51.04166666666668,1.0
2008,KS,7.45,39965.06107,53.575,1.0
2008,KY,6.26,93428.41398,55.350000000000016,1.0
2008,LA,9.44,78725.77399,66.64166666666667,1.0
2008,MA,16.23,55884.10499,48.60833333333333,0.0
2008,MD,13.01,63325.77699,55.31666666666666,0.0
2008,ME,13.8,11673.673,41.60833333333333,2.0
2008,MI,8.93,105781.27101,44.03333333333333,1.0
2008,MN,7.79,68794.13798,39.41666666666666,1.0
2008,MO,6.84,84381.67599,53.43333333333334,1.0
2008,MS,8.99,47721.23501,63.325,2.0
2008,MT,7.72,15326.39999,41.38333333333333,1.0
2008,NC,7.96,130069.25701,59.325,1.0
2008,ND,6.69,12416.07401,39.33333333333333,0.0
2008,NE,6.58,28821.02103,47.69166666666666,1.0
2008,NH,14.63,10977.289,43.85,1.0
2008,NJ,14.43,80519.543,53.62500000000001,0.0
2008,NM,8.35,22038.108,53.64166666666667,2.0
2008,NV,9.89,35192.496,50.41666666666666,1.0
2008,NY,16.47,144052.936,45.775,0.0
2008,OH,8.39,159388.80701,50.63333333333333,0.0
2008,OK,7.81,56278.86606,59.55000000000001,3.0
2008,OR,7.24,49187.47698,46.8,2.0
2008,PA,9.33,150400.589,48.85,0.0
2008,RI,16.04,7818.594,50.775,0.0
2008,SC,7.85,80650.572,62.94999999999999,0.0
2008,SD,7.14,10974.086,43.84166666666666,1.0
2008,TN,8.18,104169.77899,57.625,1.0
2008,TX,10.99,347814.64702,65.53333333333333,3.0
2008,UT,6.49,28191.51101,48.10833333333333,0.0
2008,VA,8.0,110106.33701,55.708333333333336,0.0
2008,VT,12.33,5741.204,43.05,1.0
2008,WA,6.55,87332.884,45.75833333333333,2.0
2008,WI,9.0,70121.82701,41.775,1.0
2008,WV,5.61,34221.103,51.79166666666666,1.0
2008,WY,5.67,16690.24899,40.68333333333333,0.0
2009,AK,15.09,6270.17098,65.96666666666668,2.0
2009,AL,8.83,82844.60198,62.90833333333333,1.0
2009,AR,7.57,43173.10399,59.925,2.0
2009,AZ,9.56,73432.92901,61.083333333333336,1.0
2009,CA,13.24,259583.67598,58.833333333333336,1.0
2009,CO,8.31,51035.906,45.18333333333333,1.0
2009,CT,18.07,29715.764,48.84166666666667,0.0
2009,DE,12.2,11257.778,55.42500000000001,0.0
2009,FL,11.49,224750.322,71.15833333333332,3.0
2009,GA,8.81,130765.50499,63.41666666666668,1.0
2009,HI,21.21,10126.185,26.75833333333333,2.0
2009,IA,7.37,43641.19499,46.7,1.0
2009,ID,6.51,22753.779,42.81666666666667,0.0
2009,IL,9.15,136688.466,51.425,1.0
2009,IN,7.62,99311.81302,51.28333333333333,1.0
2009,KS,7.98,38243.34399,53.6,1.0
2009,KY,6.52,88896.75699,55.39166666666667,1.0
2009,LA,7.06,78669.582,66.85000000000001,0.0
2009,MA,15.45,54359.198,47.74166666666667,1.0
2009,MD,13.09,62589.143,54.60833333333333,0.0
2009,ME,13.12,11282.967,40.85833333333333,1.0
2009,MI,9.4,98121.014,43.775,0.0
2009,MN,8.14,64004.463,40.10833333333333,1.0
2009,MO,7.35,79897.30002,53.975,1.0
2009,MS,8.85,46049.154,63.63333333333333,1.0
2009,MT,7.58,14353.775,41.14166666666666,1.0
2009,NC,8.48,127657.97902,58.88333333333335,1.0
2009,ND,6.63,12648.57999,38.516666666666666,1.0
2009,NE,7.21,28452.194,47.6,1.0
2009,NH,15.09,10698.493,42.96666666666667,1.0
2009,NJ,14.53,75779.853,52.73333333333334,0.0
2009,NM,8.09,21647.13601,54.275000000000006,1.0
2009,NV,10.36,34283.65399,50.36666666666667,1.0
2009,NY,15.44,140034.397,45.01666666666666,1.0
2009,OH,9.02,146299.79301,50.54166666666666,1.0
2009,OK,6.94,54544.58,59.41666666666668,2.0
2009,OR,7.47,47566.89702,47.25833333333333,2.0
2009,PA,9.6,143747.43799,48.43333333333333,0.0
2009,RI,14.22,7617.629,49.774999999999984,0.0
2009,SC,8.42,76417.47899,62.675,1.0
2009,SD,7.39,11010.118,43.55833333333333,1.0
2009,TN,8.69,94909.84401,57.583333333333336,1.0
2009,TX,9.86,345351.41997,65.75833333333333,1.0
2009,UT,6.77,27586.69999,48.44166666666667,1.0
2009,VA,8.93,108462.463,55.15833333333333,0.0
2009,VT,12.75,5496.513,42.28333333333333,0.0
2009,WA,6.59,90210.00198,46.36666666666667,3.0
2009,WI,9.38,66286.43898,42.38333333333333,0.0
2009,WV,6.65,30271.329,51.74166666666667,1.0
2009,WY,6.08,16561.93701,40.925,0.0
2010,AK,14.76,6247.03802,66.01666666666667,1.0
2010,AL,8.89,90862.645,62.708333333333336,2.0
2010,AR,7.28,48194.285,61.17499999999999,1.0
2010,AZ,9.69,72833.03,60.39166666666667,2.0
2010,CA,13.01,258530.892,57.725,2.0
2010,CO,9.15,52917.786,46.15,1.0
2010,CT,17.38,30391.766,51.35,1.0
2010,DE,11.97,11605.932,56.675,0.0
2010,FL,10.58,231209.61399,69.19166666666666,0.0
2010,GA,8.87,140671.57999,62.95833333333332,0.0
2010,HI,25.12,10016.509,27.425,1.0
2010,IA,7.66,45445.26901,48.19166666666666,1.0
2010,ID,6.54,22797.66803,43.325,2.0
2010,IL,9.13,144760.674,52.89166666666667,1.0
2010,IN,7.67,105994.37597,52.59999999999999,0.0
2010,KS,8.35,40420.675,55.275,1.0
2010,KY,6.73,93569.42598,56.00833333333333,1.0
2010,LA,7.8,85079.69198,66.45833333333333,1.0
2010,MA,14.26,57123.422,50.35,2.0
2010,MD,12.71,65335.498,55.85,0.0
2010,ME,12.84,11531.568,44.63333333333333,1.0
2010,MI,9.88,103649.21904,47.075,0.0
2010,MN,8.41,67799.70606,42.84166666666667,2.0
2010,MO,7.78,86085.11697,55.20833333333332,1.0
2010,MS,8.59,49687.166,63.48333333333333,1.0
2010,MT,7.84,13771.45301,41.558333333333344,1.0
2010,NC,8.67,136414.94702,59.01666666666667,2.0
2010,ND,7.11,12956.26301,40.87500000000001,2.0
2010,NE,7.52,29849.46004,49.34166666666667,2.0
2010,NH,14.84,10890.074,45.98333333333334,1.0
2010,NJ,14.68,79179.42701,54.675,1.0
2010,NM,8.4,22428.34401,54.16666666666666,2.0
2010,NV,9.73,33772.595,50.04999999999999,1.0
2010,NY,16.41,144623.57302,47.25,1.0
2010,OH,9.14,154145.41794,51.7,0.0
2010,OK,7.59,57845.98002,60.29999999999999,1.0
2010,OR,7.56,46025.94503,47.11666666666667,0.0
2010,PA,10.31,148963.968,50.083333333333336,0.0
2010,RI,14.07,7799.227,51.96666666666666,1.0
2010,SC,8.49,82479.29299,62.56666666666666,0.0
2010,SD,7.82,11356.14901,45.13333333333335,2.0
2010,TN,8.61,103521.53701,57.92500000000001,1.0
2010,TX,9.34,358457.54999,65.10000000000001,1.0
2010,UT,6.94,28044.00099,48.31666666666666,1.0
2010,VA,8.69,113806.135,55.925,1.0
2010,VT,13.24,5594.83302,44.87499999999999,0.0
2010,WA,6.66,90379.97002,47.083333333333336,1.0
2010,WI,9.78,68752.41704,45.46666666666667,1.0
2010,WV,7.45,32031.803,52.05000000000001,2.0
2010,WY,6.2,17113.45801,41.95833333333334,1.0
2011,AK,16.08,6319.53995,66.01666666666667,2.0
2011,AL,9.1,88995.36899,63.83333333333332,1.0
2011,AR,7.43,47927.829,61.81666666666666,1.0
2011,AZ,9.71,74943.645,60.33333333333332,2.0
2011,CA,13.05,261941.70001,57.43333333333334,2.0
2011,CO,9.39,53458.28502,45.43333333333334,1.0
2011,CT,16.35,29858.993,50.85833333333333,1.0
2011,DE,11.48,11483.29599,57.425,1.0
2011,FL,10.61,225090.42199,71.68333333333334,1.0
2011,GA,9.61,136371.149,64.64166666666667,2.0
2011,HI,31.59,9961.653,26.95,0.0
2011,IA,7.56,45654.87701,48.40833333333333,2.0
2011,ID,6.44,23271.724,42.38333333333333,1.0
2011,IL,8.97,142885.56702,53.15,1.0
2011,IN,8.01,105818.13897,53.06666666666666,1.0
2011,KS,8.89,40760.39897,55.20833333333334,3.0
2011,KY,7.17,89538.341,56.925,1.0
2011,LA,7.68,86369.08101,67.71666666666667,1.0
2011,MA,14.11,55569.912,49.66666666666666,2.0
2011,MD,11.93,63599.711,56.525,1.0
2011,ME,12.58,11415.345,42.81666666666667,2.0
2011,MI,10.4,105053.558,45.61666666666667,0.0
2011,MN,8.65,68532.708,42.025,2.0
2011,MO,8.32,84254.84101,55.64166666666667,2.0
2011,MS,8.78,49337.557,64.45,2.0
2011,MT,8.23,13788.081,41.58333333333333,2.0
2011,NC,8.64,131084.93302,60.39166666666667,3.0
2011,ND,7.5,13737.01599,40.65833333333334,2.0
2011,NE,7.88,29676.08402,48.78333333333334,3.0
2011,NH,14.74,10868.60699,44.93333333333333,2.0
2011,NJ,14.3,76859.76201,54.85833333333332,2.0
2011,NM,8.74,23041.66501,54.61666666666665,2.0
2011,NV,8.97,33916.479,49.56666666666666,1.0
2011,NY,15.89,144046.60902,47.125,4.0
2011,OH,9.03,154746.31002,52.30833333333333,1.0
2011,OK,7.8,59846.79402,61.64166666666666,2.0
2011,OR,8.04,47171.44599,46.275000000000006,1.0
2011,PA,10.45,148757.23801,50.43333333333333,3.0
2011,RI,13.04,7732.42,51.625,1.0
2011,SC,8.8,80488.54601,64.10000000000001,0.0
2011,SD,8.05,11679.60002,44.775,2.0
2011,TN,9.28,100733.329,58.94166666666666,2.0
2011,TX,9.0,376065.11599,67.34166666666665,1.0
2011,UT,7.13,28858.94601,47.60833333333333,1.0
2011,VA,8.84,110228.26499,56.98333333333334,2.0
2011,VT,13.8,5550.184,44.3,2.0
2011,WA,6.78,93724.917,45.525,2.0
2011,WI,10.21,68611.62202,44.13333333333333,1.0
2011,WV,7.88,31238.753,53.50000000000001,0.0
2011,WY,6.58,17417.76201,41.05833333333334,1.0
2012,AK,16.33,6416.41098,65.76666666666667,1.0
2012,AL,9.18,86182.54801,64.91666666666667,2.0
2012,AR,7.62,46859.56698,63.60833333333334,0.0
2012,AZ,9.81,75063.343,62.1,0.0
2012,CA,13.53,259538.03802,59.50833333333333,1.0
2012,CO,9.39,53685.29703,48.31666666666666,1.0
2012,CT,15.54,29492.33801,52.46666666666666,1.0
2012,DE,11.06,11519.33101,58.475,0.0
2012,FL,10.44,220674.33302,71.89166666666667,1.0
2012,GA,9.37,130978.87202,65.5,0.0
2012,HI,34.04,9639.157,24.308333333333334,1.0
2012,IA,7.71,45709.09996,52.06666666666667,0.0
2012,ID,6.92,23711.859,45.1,1.0
2012,IL,8.4,143540.004,55.775,0.0
2012,IN,8.29,105173.42503,55.13333333333335,1.0
2012,KS,9.33,40293.47599,58.21666666666667,1.0
2012,KY,7.26,89048.48998,58.40833333333334,1.0
2012,LA,6.9,84730.743,68.71666666666667,1.0
2012,MA,13.79,55313.32401,51.33333333333334,1.0
2012,MD,11.28,61813.55201,57.491666666666674,2.0
2012,ME,11.81,11561.059,43.85833333333332,0.0
2012,MI,10.98,104818.19095,48.425,0.0
2012,MN,8.86,67988.53489,45.208333333333336,1.0
2012,MO,8.53,82435.35898,58.54999999999998,0.0
2012,MS,8.6,48387.675,65.68333333333334,1.0
2012,MT,8.25,13863.38298,44.53333333333333,1.0
2012,NC,9.15,128084.893,60.71666666666666,0.0
2012,ND,7.83,14716.95598,44.133333333333326,0.0
2012,NE,8.37,30827.93898,52.70833333333334,1.0
2012,NH,14.19,10870.261,46.59166666666667,1.0
2012,NJ,13.68,75052.91399,55.86666666666667,1.0
2012,NM,8.83,23178.568,56.00000000000001,2.0
2012,NV,8.95,35179.91801,52.35833333333333,1.0
2012,NY,15.15,143162.66801,48.84166666666667,0.0
2012,OH,9.12,152456.86402,54.01666666666667,1.0
2012,OK,7.54,59340.62402,63.150000000000006,2.0
2012,OR,8.21,46688.85597,48.01666666666667,1.0
2012,PA,9.91,144709.72701,51.79999999999999,0.0
2012,RI,12.74,7708.334,52.87500000000001,0.0
2012,SC,9.1,77780.953,64.50833333333334,0.0
2012,SD,8.49,11734.20999,49.26666666666666,1.0
2012,TN,9.27,96381.47197,60.33333333333334,1.0
2012,TX,8.55,365104.13099,67.76666666666667,1.0
2012,UT,7.84,29723.368,50.94166666666667,2.0
2012,VA,9.07,107794.98501,57.54999999999999,1.0
2012,VT,14.22,5510.764,45.85,1.0
2012,WA,6.94,92336.44097,47.05833333333334,2.0
2012,WI,10.28,68820.08991,47.39166666666666,1.0
2012,WV,8.14,30817.24099,54.31666666666667,1.0
2012,WY,7.19,16971.35399,44.78333333333333,1.0
2013,AK,16.49,6268.212,66.29166666666664,2.0
2013,AL,9.02,87852.10702,62.6,0.0
2013,AR,7.93,46683.034,59.64166666666666,1.0
2013,AZ,10.14,75662.03702,60.45,1.0
2013,CA,14.3,261332.45899,59.31666666666666,1.0
2013,CO,9.88,53441.64901,45.09166666666667,2.0
2013,CT,15.66,29824.516,49.78333333333333,2.0
2013,DE,10.9,11347.856,55.82500000000001,1.0
2013,FL,10.22,221919.51398,71.68333333333334,2.0
2013,GA,9.69,130497.47001,63.39166666666667,0.0
2013,HI,33.26,9503.164,27.8,0.0
2013,IA,8.07,46705.21594,46.65833333333333,2.0
2013,ID,7.57,24208.056,43.708333333333336,1.0
2013,IL,8.26,141804.88801,51.083333333333336,1.0
2013,IN,8.73,105487.38895,51.208333333333336,0.0
2013,KS,9.72,39847.39707,53.71666666666667,0.0
2013,KY,7.69,84763.84199,55.04166666666666,0.0
2013,LA,8.04,85807.932,66.25000000000001,1.0
2013,MA,14.51,55265.07402,48.79999999999999,2.0
2013,MD,11.66,61899.478,54.71666666666667,1.0
2013,ME,11.86,11855.047,41.96666666666667,1.0
2013,MI,11.21,103038.30501,44.05833333333333,1.0
2013,MN,9.41,68644.10298,39.325,1.0
2013,MO,9.04,83406.95701,53.60833333333333,1.0
2013,MS,9.11,48781.99,63.083333333333336,1.0
2013,MT,8.58,14045.17398,42.38333333333333,2.0
2013,NC,9.24,129779.90503,58.55833333333333,1.0
2013,ND,8.2,16032.96699,38.79166666666667,2.0
2013,NE,8.74,30700.605,48.45833333333332,0.0
2013,NH,14.3,11043.27599,44.2,2.0
2013,NJ,13.69,74642.399,53.208333333333336,1.0
2013,NM,9.25,23065.026,53.675,2.0
2013,NV,9.03,35211.21501,50.49166666666667,1.0
2013,NY,15.44,147895.127,45.725,3.0
2013,OH,9.2,150307.01803,50.875,1.0
2013,OK,7.86,59929.17199,58.83333333333334,2.0
2013,OR,8.44,47640.97802,47.64166666666667,1.0
2013,PA,9.81,146253.76298,49.008333333333326,1.0
2013,RI,13.72,7781.122,50.65,2.0
2013,SC,9.24,78602.094,62.32500000000001,0.0
2013,SD,8.86,12209.79897,44.04166666666668,1.0
2013,TN,9.13,96944.013,57.11666666666667,0.0
2013,TX,8.66,378817.25403,65.10833333333333,0.0
2013,UT,8.15,30474.03402,47.75,2.0
2013,VA,8.96,110511.82701,55.116666666666674,1.0
2013,VT,14.61,5587.712,43.23333333333333,1.0
2013,WA,7.09,92882.72298,47.150000000000006,1.0
2013,WI,10.51,69124.04299,41.775,1.0
2013,WV,7.91,31399.85,51.775,2.0
2013,WY,7.55,17053.514,41.675,0.0
2014,AK,17.46,6164.812,66.94166666666666,2.0
2014,AL,9.27,90493.72702,62.03333333333334,1.0
2014,AR,7.9,47080.30101,58.66666666666666,1.0
2014,AZ,10.18,76297.68499,62.25,0.0
2014,CA,15.15,262584.78602,61.45,1.0
2014,CO,10.06,53396.52101,46.05833333333333,0.0
2014,CT,17.05,29354.46,48.675,0.0
2014,DE,11.22,11338.47699,54.71666666666667,0.0
2014,FL,10.77,226078.111,70.64166666666668,1.0
2014,GA,10.03,135789.932,62.96666666666667,0.0
2014,HI,33.43,9475.452,30.33333333333334,1.0
2014,IA,8.15,47201.85298,45.458333333333336,2.0
2014,ID,7.93,23233.28401,45.1,0.0
2014,IL,9.36,141540.28703,49.48333333333333,1.0
2014,IN,9.06,106942.50403,49.40833333333333,1.0
2014,KS,10.16,40561.606,53.68333333333333,1.0
2014,KY,8.15,78838.92398,54.34166666666668,1.0
2014,LA,8.09,90628.31601,65.075,0.0
2014,MA,15.35,54469.292,47.725,0.0
2014,MD,12.1,61683.86901,53.56666666666667,1.0
2014,ME,12.65,12002.66101,41.19166666666667,0.0
2014,MI,11.03,103314.09801,41.88333333333333,1.0
2014,MN,9.52,68719.36702,38.64166666666666,1.0
2014,MO,9.11,83878.39692,52.875,0.0
2014,MS,9.6,49408.63098,62.31666666666666,1.0
2014,MT,8.59,14102.39199,41.90833333333333,1.0
2014,NC,9.33,133132.77596,58.35,1.0
2014,ND,8.41,18239.73201,38.975,2.0
2014,NE,8.84,30222.16801,48.01666666666667,2.0
2014,NH,15.22,10944.081,43.05,0.0
2014,NJ,13.95,73866.07801,51.94166666666667,0.0
2014,NM,9.65,23115.222,54.80833333333333,2.0
2014,NV,9.73,35075.60601,53.03333333333333,0.0
2014,NY,16.25,147371.91299,44.50833333333333,1.0
2014,OH,9.73,150679.71301,49.191666666666656,0.0
2014,OK,8.18,61573.37402,58.883333333333326,2.0
2014,OR,8.68,47334.95301,49.62500000000001,2.0
2014,PA,10.28,146687.698,47.43333333333334,1.0
2014,RI,15.41,7643.104,49.74166666666665,0.0
2014,SC,9.67,81619.765,62.21666666666666,0.0
2014,SD,9.05,12354.726,43.68333333333334,2.0
2014,TN,9.4,100219.23,56.61666666666667,1.0
2014,TX,8.94,389669.82,64.85000000000001,2.0
2014,UT,8.35,30043.01902,50.44166666666667,1.0
2014,VA,9.17,112098.38099,54.44166666666666,0.0
2014,VT,14.57,5569.86099,41.95,1.0
2014,WA,7.13,92140.77699,48.375,1.0
2014,WI,10.57,69494.75499,40.225,0.0
2014,WV,7.65,32696.106,50.78333333333333,0.0
2014,WY,7.76,17134.07502,42.125,0.0
2015,AK,17.59,6159.204,67.26666666666667,1.0
2015,AL,9.33,88845.543,64.61666666666666,0.0
2015,AR,8.19,46465.15402,61.4,1.0
2015,AZ,10.34,77349.41596,61.75,2.0
2015,CA,15.42,261170.43699,60.75833333333333,2.0
2015,CO,9.94,54116.04599,47.44166666666666,1.0
2015,CT,17.77,29476.15501,49.84166666666667,1.0
2015,DE,11.17,11498.205,56.41666666666666,0.0
2015,FL,10.49,235599.39798,73.35833333333333,0.0
2015,GA,9.62,135878.215,65.30833333333332,0.0
2015,HI,26.17,9511.352,30.03333333333333,0.0
2015,IA,8.35,47147.29285,49.26666666666666,1.0
2015,ID,8.09,23058.81399,46.375,1.0
2015,IL,9.4,138619.97,52.866666666666674,0.0
2015,IN,8.99,104514.51798,52.30833333333334,0.0
2015,KS,10.14,39849.127,56.3,1.0
2015,KY,8.14,76038.62998,56.56666666666666,2.0
2015,LA,7.65,91676.48901,68.09166666666668,1.0
2015,MA,16.9,54621.08801,48.458333333333336,1.0
2015,MD,12.07,61781.71901,55.44166666666666,0.0
2015,ME,12.78,11888.168,41.225,0.0
2015,MI,10.76,102479.92097,45.10833333333333,0.0
2015,MN,9.53,66579.23387,43.49166666666667,0.0
2015,MO,9.44,81504.081,55.84166666666667,1.0
2015,MS,9.53,48691.52902,65.29166666666667,1.0
2015,MT,8.9,14206.911,44.85833333333334,1.0
2015,NC,9.37,133847.52299,60.51666666666667,0.0
2015,ND,8.75,18128.94799,43.375,0.0
2015,NE,8.91,29495.07292,50.8,1.0
2015,NH,16.02,10999.149,43.616666666666674,1.0
2015,NJ,13.74,75489.62301,53.866666666666674,1.0
2015,NM,9.62,23093.55301,54.94166666666666,1.0
2015,NV,9.48,36019.69,52.89166666666666,1.0
2015,NY,15.28,148913.65506,45.69166666666666,0.0
2015,OH,9.98,149213.22396,51.61666666666667,0.0
2015,OK,7.9,61336.38499,60.825,1.0
2015,OR,8.75,47263.97396,50.35833333333333,1.0
2015,PA,10.31,146344.02799,49.458333333333336,0.0
2015,RI,17.01,7664.718,50.43333333333333,1.0
2015,SC,9.58,81328.246,64.49166666666666,0.0
2015,SD,9.47,12101.979,47.53333333333333,1.0
2015,TN,9.3,99632.10797,59.03333333333333,0.0
2015,TX,8.7,392337.35401,65.8,1.0
2015,UT,8.54,30192.34999,50.73333333333333,0.0
2015,VA,9.31,112009.04499,56.53333333333333,0.0
2015,VT,14.41,5521.10901,42.63333333333333,1.0
2015,WA,7.4,90116.08597,49.975,1.0
2015,WI,10.73,68698.93192,44.81666666666666,0.0
2015,WV,8.11,32303.026,53.14166666666666,2.0
2015,WY,7.97,16924.76199,44.15833333333333,1.0
2016,AK,17.93,6123.20202,66.81666666666668,1.0
2016,AL,9.56,88225.141,65.34166666666667,1.0
2016,AR,8.13,46188.438,62.79166666666666,1.0
2016,AZ,10.33,78237.82802,62.17500000000001,1.0
2016,CA,15.23,256846.63497,60.13333333333333,1.0
2016,CO,9.83,54802.03698,47.28333333333334,1.0
2016,CT,17.24,28931.087,51.775000000000006,0.0
2016,DE,11.09,11258.438,57.366666666666674,0.0
2016,FL,9.91,235721.822,72.46666666666667,1.0
2016,GA,9.59,138112.239,65.79166666666667,1.0
2016,HI,23.87,9445.389,31.883333333333336,0.0
2016,IA,8.55,48431.19301,50.71666666666667,1.0
2016,ID,8.08,23062.96099,45.09166666666667,2.0
2016,IL,9.38,141050.40899,54.73333333333333,0.0
2016,IN,9.22,103704.82099,54.225,0.0
2016,KS,10.49,40810.17399,57.16666666666666,1.0
2016,KY,8.42,74553.575,57.925,1.0
2016,LA,7.46,91452.659,68.74166666666667,1.0
2016,MA,16.48,53475.888,50.31666666666669,0.0
2016,MD,12.21,61353.91101,56.46666666666667,1.0
2016,ME,12.8,11448.951,43.258333333333326,0.0
2016,MI,11.05,104467.81301,47.366666666666674,0.0
2016,MN,9.99,66546.49198,44.56666666666666,0.0
2016,MO,9.74,78618.05597,57.44166666666666,1.0
2016,MS,8.67,49050.16399,65.90833333333335,2.0
2016,MT,8.84,14100.60102,44.62500000000001,3.0
2016,NC,9.2,134404.31899,60.84166666666668,0.0
2016,ND,8.94,18520.18799,44.366666666666674,0.0
2016,NE,9.05,30199.35404,51.65,0.0
2016,NH,15.66,10904.95599,45.73333333333333,1.0
2016,NJ,13.38,75359.37099,54.95000000000001,1.0
2016,NM,9.12,23039.54701,55.51666666666666,1.0
2016,NV,8.38,36144.63,51.93333333333334,1.0
2016,NY,14.47,147803.03801,47.650000000000006,0.0
2016,OH,9.84,150597.79604,53.575,0.0
2016,OK,7.83,61516.554,62.30833333333333,3.0
2016,OR,8.83,47349.34999,48.76666666666667,2.0
2016,PA,10.19,145327.68299,50.93333333333334,0.0
2016,RI,16.28,7524.27,52.20833333333334,0.0
2016,SC,9.79,79577.54999,64.85833333333333,2.0
2016,SD,9.83,12129.53002,48.35,0.0
2016,TN,9.23,100758.43902,60.3,0.0
2016,TX,8.43,398661.80878,67.14999999999999,3.0
2016,UT,8.72,30179.53403,50.23333333333334,1.0
2016,VA,9.09,112280.66501,57.11666666666667,0.0
2016,VT,14.46,5516.45001,44.65,0.0
2016,WA,7.68,88885.316,48.575,3.0
2016,WI,10.67,69736.33799,46.19166666666666,1.0
2016,WV,8.98,32076.14599,54.14166666666666,1.0
2016,WY,8.19,16554.87,43.90833333333333,1.0
2017,AK,19.1,6185.799,66.65833333333333,0.0
2017,AL,9.83,86241.73001,65.03333333333332,1.0
2017,AR,8.26,46085.95101,62.54166666666666,1.0
2017,AZ,10.64,77646.26201,63.03333333333333,1.0
2017,CA,16.06,257267.93701,60.34166666666666,3.0
2017,CO,9.99,54830.186,47.925,1.0
2017,CT,17.55,28135.52999,50.925,0.0
2017,DE,10.9,11128.60301,57.62499999999999,0.0
2017,FL,10.42,233154.549,72.84166666666665,2.0
2017,GA,9.83,133456.62,65.825,4.0
2017,HI,26.05,9324.20101,29.325000000000003,0.0
2017,IA,8.73,48921.99695,50.0,2.0
2017,ID,8.26,23793.78999,44.258333333333326,1.0
2017,IL,9.49,137196.31001,54.39166666666666,0.0
2017,IN,9.77,98965.968,53.975,0.0
2017,KS,10.6,40287.78698,56.50000000000001,2.0
2017,KY,8.57,72634.38698,57.81666666666666,1.0
2017,LA,7.79,91205.935,68.71666666666667,2.0
2017,MA,17.12,52513.32101,49.575,0.0
2017,MD,11.98,59303.885,56.68333333333333,0.0
2017,ME,13.02,11213.674,42.36666666666667,0.0
2017,MI,11.28,101899.09299,46.29166666666666,1.0
2017,MN,10.27,67152.57997,42.63333333333333,1.0
2017,MO,10.03,76461.41902,57.15,1.0
2017,MS,9.09,47828.787,65.77499999999999,2.0
2017,MT,8.92,14709.65602,43.175,1.0
2017,NC,9.04,131421.31898,60.99999999999999,2.0
2017,ND,8.78,20140.42599,42.00833333333333,1.0
2017,NE,9.08,30359.00702,50.66666666666666,1.0
2017,NH,16.17,10787.26099,44.93333333333333,1.0
2017,NJ,13.32,73382.94,54.59166666666667,0.0
2017,NM,9.59,23009.58399,56.38333333333335,1.0
2017,NV,8.76,36657.786,52.21666666666666,2.0
2017,NY,14.74,144992.43302,46.92500000000001,0.0
2017,OH,9.84,146643.83102,53.225,0.0
2017,OK,8.2,60492.12799,61.80833333333333,3.0
2017,OR,8.81,50043.81603,48.03333333333333,2.0
2017,PA,10.13,142990.89598,50.60833333333334,1.0
2017,RI,16.42,7384.671,51.53333333333334,0.0
2017,SC,9.97,78096.757,65.06666666666665,2.0
2017,SD,10.05,12313.67503,46.76666666666667,1.0
2017,TN,9.45,97239.88499,59.96666666666667,2.0
2017,TX,8.38,401880.37401,67.31666666666666,1.0
2017,UT,8.6,30589.02102,50.725,2.0
2017,VA,9.18,111529.73201,57.308333333333344,1.0
2017,VT,14.6,5423.662,43.8,1.0
2017,WA,7.94,91948.17201,46.81666666666667,2.0
2017,WI,10.76,69079.10897,44.71666666666666,1.0
2017,WV,9.0,31709.019,54.00833333333333,1.0
2017,WY,8.28,16778.06699,43.19166666666667,2.0
2018,AK,19.36,5972.46698,67.05833333333334,2.0
2018,AL,9.63,90280.456,64.45,2.0
2018,AR,7.78,49602.70798,61.16666666666666,0.0
2018,AZ,10.85,78346.30199,62.26666666666666,2.0
2018,CA,16.58,255224.27197,60.125,1.0
2018,CO,10.02,56450.48002,47.16666666666666,1.0
2018,CT,18.41,28833.925,50.758333333333326,1.0
2018,DE,10.55,11773.1,57.14166666666667,0.0
2018,FL,10.32,238565.391,72.27499999999999,1.0
2018,GA,9.62,139866.07398,65.08333333333333,0.0
2018,HI,29.18,9337.161,30.41666666666667,2.0
2018,IA,8.92,51210.655,47.491666666666674,1.0
2018,ID,8.17,23753.50799,44.525,2.0
2018,IL,9.6,142654.80801,52.475,0.0
2018,IN,9.75,104194.376,52.59166666666666,1.0
2018,KS,10.72,42036.97904,54.6,1.0
2018,KY,8.52,76610.63597,56.95833333333332,1.0
2018,LA,7.71,94186.07201,67.775,1.0
2018,MA,18.5,53285.02903,49.475,1.0
2018,MD,11.57,62086.45499,55.925,2.0
2018,ME,13.44,12354.819,41.76666666666666,1.0
2018,MI,11.4,104869.49602,45.10833333333333,1.0
2018,MN,10.37,68708.38199,40.59166666666666,1.0
2018,MO,9.93,82055.835,55.2,0.0
2018,MS,9.24,50390.06798,64.77499999999999,1.0
2018,MT,8.84,14838.84499,41.275,1.0
2018,NC,9.25,138287.404,60.43333333333333,2.0
2018,ND,8.91,20669.50599,39.79166666666667,0.0
2018,NE,9.02,30939.49201,48.25833333333333,1.0
2018,NH,17.01,11046.28399,44.45,1.0
2018,NJ,13.23,76016.762,54.17499999999999,1.0
2018,NM,9.35,24048.61099,55.50833333333333,2.0
2018,NV,8.67,37780.26301,52.008333333333326,1.0
2018,NY,14.83,149929.851,46.19166666666667,1.0
2018,OH,9.94,152915.16698,52.19166666666666,1.0
2018,OK,8.09,64575.31599,60.2,1.0
2018,OR,8.85,49325.90401,48.44166666666666,1.0
2018,PA,10.1,148976.73101,49.75833333333335,0.0
2018,RI,18.1,7583.339,51.55833333333334,0.0
2018,SC,9.67,81641.13799,64.25,1.0
2018,SD,9.97,12856.93799,44.133333333333326,1.0
2018,TN,9.58,102911.18299,59.075,0.0
2018,TX,8.48,424418.628,66.0,2.0
2018,UT,8.21,31242.408,50.400000000000006,1.0
2018,VA,9.48,118166.34802,56.56666666666667,1.0
2018,VT,15.13,5530.94799,43.21666666666667,1.0
2018,WA,8.0,90005.79099,48.05,2.0
2018,WI,10.58,70959.54899,43.208333333333336,2.0
2018,WV,8.72,33646.813,53.3,1.0
2018,WY,8.09,16864.67799,42.40833333333334,1.0
2019,AK,20.22,5818.80503,67.575,1.0
2019,AL,9.83,88095.11201,65.375,3.0
2019,AR,8.22,48093.03199,61.21666666666667,1.0
2019,AZ,10.52,77929.17002,60.25833333333333,2.0
2019,CA,16.89,250378.71,58.40833333333333,2.0
2019,CO,10.17,56520.82299,45.26666666666666,0.0
2019,CT,18.66,27899.996,49.75,1.0
2019,DE,10.52,11469.42199,57.45833333333334,0.0
2019,FL,10.44,240347.95505,73.18333333333332,1.0
2019,GA,9.86,139300.98999,66.21666666666667,1.0
2019,HI,28.72,9452.88701,32.19166666666667,0.0
2019,IA,9.08,51043.14802,46.81666666666667,1.0
2019,ID,7.89,23985.275,42.98333333333334,1.0
2019,IL,9.56,138319.48099,52.1,1.0
2019,IN,9.91,102104.20303,52.400000000000006,0.0
2019,KS,10.26,41159.62798,53.81666666666669,1.0
2019,KY,8.61,75345.382,57.475,1.0
2019,LA,7.71,93128.52501,67.70833333333334,3.0
2019,MA,18.4,51336.59799,48.54166666666666,0.0
2019,MD,11.24,60720.658,56.55833333333333,0.0
2019,ME,14.04,11732.04,40.675,0.0
2019,MI,11.56,101249.29298,43.93333333333334,0.0
2019,MN,10.33,66965.594,39.3,1.0
2019,MO,9.68,78857.77499,54.975,2.0
2019,MS,9.28,48951.026,65.22500000000001,1.0
2019,MT,9.02,15321.27098,39.87500000000001,2.0
2019,NC,9.45,136435.53101,61.325,1.0
2019,ND,8.85,21559.25501,38.00000000000001,1.0
2019,NE,9.08,30383.19001,47.491666666666674,1.0
2019,NH,17.15,10711.65701,43.25,1.0
2019,NJ,13.42,73916.70397,54.275,0.0
2019,NM,8.99,24880.134,54.45000000000001,1.0
2019,NV,8.78,36982.38601,49.875,1.0
2019,NY,14.34,145600.34501,45.24166666666667,1.0
2019,OH,9.58,148521.92005,52.39166666666667,2.0
2019,OK,7.86,64795.946,59.866666666666674,2.0
2019,OR,8.81,50404.38599,47.14166666666667,3.0
2019,PA,9.81,145580.38298,49.866666666666674,1.0
2019,RI,18.49,7349.915,50.62500000000001,0.0
2019,SC,10.02,80205.62,65.01666666666667,1.0
2019,SD,9.96,12868.93098,42.34166666666668,2.0
2019,TN,9.69,99829.09999,59.83333333333334,1.0
2019,TX,8.6,429343.40401,65.89166666666668,2.0
2019,UT,8.24,31142.56502,47.875,1.0
2019,VA,9.52,118435.37999,57.475,1.0
2019,VT,15.36,5427.66399,41.87500000000001,1.0
2019,WA,8.04,91052.79598,46.525000000000006,1.0
2019,WI,10.66,69157.53999,42.141666666666666,1.0
2019,WV,8.49,33247.013,54.15833333333334,1.0
2019,WY,8.1,16763.49601,40.275,0.0
2020,AK,19.82,5917.57699,67.275,0.0
2020,AL,9.84,83395.60502,64.86666666666666,2.0
2020,AR,8.32,45851.00301,61.15,2.0
2020,AZ,10.44,81960.07401,62.616666666666674,1.0
2020,CA,18.0,250174.67203,60.51666666666667,1.0
2020,CO,10.27,56050.26399,47.25833333333335,1.0
2020,CT,19.13,27113.673,51.78333333333334,1.0
2020,DE,10.24,11129.05101,57.98333333333333,0.0
2020,FL,10.06,242440.17099,73.22500000000001,2.0
2020,GA,9.93,133470.14198,65.60833333333332,0.0
2020,HI,27.55,8796.76099,27.475000000000005,3.0
2020,IA,8.97,50639.86205,49.150000000000006,1.0
2020,ID,7.99,24461.35199,44.333333333333336,0.0
2020,IL,9.75,132469.277,53.30833333333334,0.0
2020,IN,9.92,97155.74401,53.29166666666666,0.0
2020,KS,10.38,39483.94599,55.61666666666667,0.0
2020,KY,8.58,71800.39901,57.14166666666665,1.0
2020,LA,7.51,89126.68501,68.15833333333335,1.0
2020,MA,18.19,50009.34104,50.900000000000006,0.0
2020,MD,11.15,57629.04001,57.19999999999999,0.0
2020,ME,13.54,11346.74,43.50833333333333,0.0
2020,MI,12.21,97011.9058,46.54166666666666,0.0
2020,MN,10.57,64054.60602,42.40833333333333,0.0
2020,MO,9.64,75725.71197,55.758333333333326,1.0
2020,MS,9.13,46482.03998,65.45,2.0
2020,MT,9.13,14584.179,43.28333333333333,1.0
2020,NC,9.43,130390.97999,60.82500000000001,2.0
2020,ND,8.53,21819.45199,42.25833333333333,1.0
2020,NE,8.97,31171.53602,50.55,0.0
2020,NH,16.63,10693.52901,45.85,0.0
2020,NJ,13.63,71998.22099,55.525000000000006,0.0
2020,NM,9.33,24777.15501,56.00833333333333,0.0
2020,NV,8.33,38233.89901,52.44166666666666,1.0
2020,NY,14.87,140406.63199,47.81666666666666,1.0
2020,OH,9.44,142615.19902,53.025,0.0
2020,OK,7.63,62299.30498,60.70833333333332,1.0
2020,OR,8.82,51019.31301,48.825,2.0
2020,PA,9.7,139720.83699,51.16666666666668,0.0
2020,RI,18.54,7351.541,52.8,0.0
2020,SC,9.9,76737.17599,64.61666666666666,1.0
2020,SD,10.06,12695.84499,46.758333333333326,1.0
2020,TN,9.52,95003.88798,59.275,2.0
2020,TX,8.36,426863.26697,66.86666666666666,2.0
2020,UT,8.27,31663.15699,50.383333333333326,1.0
2020,VA,9.16,117254.388,57.42499999999999,0.0
2020,VT,16.33,5331.45801,44.82499999999999,1.0
2020,WA,8.33,86706.144,48.05833333333334,2.0
2020,WI,10.82,67448.36105,44.82500000000001,1.0
2020,WV,8.75,32076.583,53.95,0.0
2020,WY,8.27,15331.018,42.78333333333333,1.0
2021,AK,20.02,5969.339,66.28333333333333,0.0
2021,AL,10.18,85585.166,64.2,2.0
2021,AR,9.1,48663.14201,61.35,0.0
2021,AZ,10.73,81219.99,62.1,2.0
2021,CA,19.65,247249.865,60.35,1.0
2021,CO,10.9,56351.209,47.475,1.0
2021,CT,18.32,27737.606,51.383333333333326,1.0
2021,DE,10.5,11479.65499,57.400000000000006,1.0
2021,FL,10.67,241562.08201,72.19166666666668,2.0
2021,GA,10.43,137363.95204,64.60000000000001,2.0
2021,HI,30.31,8936.482,26.48333333333333,2.0
2021,IA,9.13,52893.26902,50.0,0.0
2021,ID,8.17,25285.616,45.41666666666666,2.0
2021,IL,10.14,135688.833,53.76666666666667,0.0
2021,IN,10.36,99740.04599,53.5,0.0
2021,KS,10.47,40491.78604,56.11666666666667,0.0
2021,KY,9.12,74516.98602,56.958333333333336,1.0
2021,LA,8.82,90819.34601,67.48333333333333,2.0
2021,MA,19.06,50798.38799,50.80833333333333,1.0
2021,MD,11.48,59303.974,56.84166666666666,1.0
2021,ME,13.96,11584.674,44.225,0.0
2021,MI,12.93,99813.28097,47.4,1.0
2021,MN,11.08,66589.16797,44.30000000000001,0.0
2021,MO,9.85,77763.04101,56.30000000000001,1.0
2021,MS,9.5,48015.36399,64.68333333333332,1.0
2021,MT,9.5,14961.561,43.96666666666667,1.0
2021,NC,9.29,135693.07701,60.23333333333333,2.0
2021,ND,8.65,22863.10699,43.80000000000001,1.0
2021,NE,8.84,32341.17002,51.04166666666666,1.0
2021,NH,17.37,10867.26799,46.06666666666666,1.0
2021,NJ,14.01,73070.46599,55.08333333333334,1.0
2021,NM,9.79,25393.74299,55.43333333333334,1.0
2021,NV,8.58,39032.042,52.54166666666668,1.0
2021,NY,16.11,141423.77816,47.71666666666667,1.0
2021,OH,9.76,147717.86495,53.17499999999999,0.0
2021,OK,8.52,64525.137,60.8,0.0
2021,OR,8.95,54135.20501,49.19166666666666,2.0
2021,PA,9.97,143340.15399,51.16666666666666,1.0
2021,RI,18.44,7398.00399,52.49166666666665,1.0
2021,SC,9.96,79792.13601,63.725,0.0
2021,SD,10.43,13041.39102,48.025000000000006,1.0
2021,TN,9.78,99621.13698,59.025,2.0
2021,TX,9.14,435627.87798,66.14999999999999,1.0
2021,UT,8.34,32677.62701,50.675,2.0
2021,VA,9.14,125245.19598,57.04999999999999,0.0
2021,VT,16.34,5412.69602,44.95000000000001,2.0
2021,WA,8.75,88198.668,48.25833333333333,2.0
2021,WI,11.01,69426.61502,45.76666666666666,0.0
2021,WV,8.87,32777.98802,53.64166666666666,1.0
2021,WY,8.25,15784.712,43.64166666666667,0.0
2022,AK,20.73,6002.08,66.93333333333332,3.0
2022,AL,11.59,87027.54499,64.01666666666667,1.0
2022,AR,9.91,48997.66299,61.149999999999984,1.0
2022,AZ,11.31,84196.51702,61.23333333333333,2.0
2022,CA,22.33,251869.136,60.04999999999999,1.0
2022,CO,11.75,56763.04099,46.19166666666667,1.0
2022,CT,21.08,27767.146,50.991666666666674,1.0
2022,DE,11.83,11539.27099,56.53333333333333,1.0
2022,FL,12.51,248820.80301,72.52499999999999,2.0
2022,GA,12.0,145035.20397,64.78333333333335,0.0
2022,HI,39.72,9039.11501,28.625000000000004,1.0
2022,IA,9.57,54203.95499,47.508333333333326,1.0
2022,ID,8.51,26201.131,43.53333333333333,1.0
2022,IL,11.94,135871.58,52.05833333333333,1.0
2022,IN,11.66,100044.36496,52.175,0.0
2022,KS,11.47,41961.06503,55.15,2.0
2022,KY,10.51,75338.74199,56.325,3.0
2022,LA,10.41,95138.99799,67.25,0.0
2022,MA,21.27,50983.44001,50.3,0.0
2022,MD,13.32,59682.71902,55.71666666666666,0.0
2022,ME,17.44,11875.708,43.383333333333326,0.0
2022,MI,13.2,100639.26202,45.06666666666666,0.0
2022,MN,12.04,66635.43002,40.0,2.0
2022,MO,10.26,80306.26002,55.025,2.0
2022,MS,10.36,48979.533,64.66666666666667,1.0
2022,MT,9.97,15583.78301,42.075,1.0
2022,NC,9.6,139206.76104,59.92499999999999,0.0
2022,ND,8.42,25392.877,39.425,1.0
2022,NE,8.83,33844.10502,49.650000000000006,2.0
2022,NH,21.07,10818.13,45.41666666666666,1.0
2022,NJ,14.8,74442.735,54.34166666666666,0.0
2022,NM,10.02,27156.17798,54.59166666666668,1.0
2022,NV,10.94,39320.007,51.61666666666667,1.0
2022,NY,18.33,143210.51698,46.55833333333334,1.0
2022,OH,10.64,149499.78299,51.73333333333333,0.0
2022,OK,10.05,69486.94202,60.94166666666666,2.0
2022,OR,9.26,56326.89599,48.30833333333334,1.0
2022,PA,11.86,145044.59215,49.64166666666666,0.0
2022,RI,19.3,7576.284,52.06666666666666,0.0
2022,SC,10.74,82758.43201,63.76666666666667,1.0
2022,SD,10.44,13467.06401,45.175,2.0
2022,TN,10.89,102112.05101,58.54166666666666,2.0
2022,TX,10.16,475401.19206,66.49999999999999,1.0
2022,UT,8.8,33365.50101,49.53333333333333,0.0
2022,VA,10.75,132264.61703,56.208333333333336,2.0
2022,VT,16.99,5470.47101,44.208333333333336,0.0
2022,WA,9.05,90897.31998,47.09166666666667,2.0
2022,WI,11.95,69875.87103,42.85833333333334,0.0
2022,WV,9.74,32986.288,52.35,0.0
2022,WY,8.24,16499.42898,41.958333333333336,0.0
2023,AK,21.41,6024.59801,66.77499999999999,2.0
2023,AL,11.47,84880.35899,65.34166666666668,1.0
2023,AR,9.73,48649.29999,62.925,1.0
2023,AZ,12.19,85918.79798,60.73333333333333,3.0
2023,CA,24.87,239480.45202,58.25000000000001,3.0
2023,CO,11.76,55565.81899,45.59166666666666,1.0
2023,CT,24.24,26685.176,52.20833333333334,0.0
2023,DE,12.85,11081.67099,57.75,0.0
2023,FL,13.53,250940.214,73.26666666666667,2.0
2023,GA,11.06,142028.83101,65.60000000000001,2.0
2023,HI,38.6,8927.25201,28.441666666666663,1.0
2023,IA,9.42,54400.25902,50.51666666666666,1.0
2023,ID,9.08,25673.977,43.76666666666667,0.0
2023,IL,11.75,130578.21703,54.74166666666667,2.0
2023,IN,11.49,95995.35001,54.325,1.0
2023,KS,10.8,41052.008,56.34166666666668,1.0
2023,KY,9.96,71223.02101,58.09166666666666,2.0
2023,LA,8.91,95374.45701,69.63333333333334,1.0
2023,MA,23.21,50011.96399,51.26666666666667,1.0
2023,MD,14.34,57033.08501,57.3,0.0
2023,ME,20.84,11336.02999,44.31666666666666,3.0
2023,MI,13.68,97588.69001,47.425,0.0
2023,MN,12.21,66215.80005,43.75833333333333,1.0
2023,MO,10.87,76975.79901,57.4,1.0
2023,MS,10.95,48421.76201,66.74166666666666,1.0
2023,MT,10.97,15504.69901,43.85,2.0
2023,NC,10.61,133091.10797,60.76666666666667,1.0
2023,ND,8.03,28202.179,42.0,1.0
2023,NE,9.14,33571.19901,50.43333333333334,1.0
2023,NH,22.96,10631.31298,46.7,2.0
2023,NJ,15.27,71096.93901,55.55833333333333,1.0
2023,NM,9.47,28347.49003,55.31666666666666,1.0
2023,NV,13.09,38249.35501,49.88333333333333,1.0
2023,NY,18.28,139421.93598,48.21666666666667,1.0
2023,OH,11.04,146640.98305,53.53333333333334,0.0
2023,OK,9.3,68978.84001,61.833333333333336,3.0
2023,OR,10.32,57984.962,48.025,1.0
2023,PA,12.57,138710.99303,51.50833333333335,0.0
2023,RI,21.62,7300.78799,52.53333333333334,1.0
2023,SC,10.5,81202.18501,64.29166666666667,1.0
2023,SD,10.49,13505.999,46.725,1.0
2023,TN,10.69,99046.005,59.95,1.0
2023,TX,10.04,492820.38499,68.1,0.0
2023,UT,9.03,33343.53701,48.46666666666667,0.0
2023,VA,10.68,132318.50501,57.475,0.0
2023,VT,17.53,5364.02301,45.78333333333333,2.0
2023,WA,9.58,89552.62999,48.366666666666674,2.0
2023,WI,12.72,68563.90399,46.30833333333334,0.0
2023,WV,10.26,32070.68699,53.95833333333334,2.0
2023,WY,8.39,16790.115,41.766666666666666,1.0
