state_code,year,avg_temp
1002,2001,63.03333333333333
1002,2002,63.574999999999996
1002,2003,62.73333333333334
1002,2004,63.33333333333332
1002,2005,63.39166666666665
1002,2006,64.19999999999999
1002,2007,64.4
1002,2008,62.91666666666668
1002,2009,62.90833333333333
1002,2010,62.708333333333336
1002,2011,63.83333333333332
1002,2012,64.91666666666667
1002,2013,62.599999999999994
1002,2014,62.03333333333334
1002,2015,64.61666666666666
1002,2016,65.34166666666667
1002,2017,65.03333333333332
1002,2018,64.45
1002,2019,65.375
1002,2020,64.86666666666666
1002,2021,64.2
1002,2022,64.01666666666667
1002,2023,65.34166666666668
2002,2001,61.20000000000001
2002,2002,61.175000000000004
2002,2003,61.9
2002,2004,60.40833333333333
2002,2005,61.13333333333333
2002,2006,61.12499999999999
2002,2007,61.58333333333332
2002,2008,60.61666666666665
2002,2009,61.083333333333336
2002,2010,60.39166666666667
2002,2011,60.33333333333332
2002,2012,62.099999999999994
2002,2013,60.449999999999996
2002,2014,62.25
2002,2015,61.75
2002,2016,62.17500000000001
2002,2017,63.03333333333333
2002,2018,62.26666666666666
2002,2019,60.25833333333333
2002,2020,62.616666666666674
2002,2021,62.099999999999994
2002,2022,61.23333333333333
2002,2023,60.73333333333333
3002,2001,61.225
3002,2002,60.58333333333334
3002,2003,60.26666666666666
3002,2004,61.025000000000006
3002,2005,61.958333333333336
3002,2006,61.991666666666674
3002,2007,61.80833333333334
3002,2008,59.85833333333333
3002,2009,59.925000000000004
3002,2010,61.17499999999999
3002,2011,61.81666666666666
3002,2012,63.60833333333334
3002,2013,59.64166666666666
3002,2014,58.66666666666666
3002,2015,61.4
3002,2016,62.791666666666664
3002,2017,62.541666666666664
3002,2018,61.166666666666664
3002,2019,61.21666666666667
3002,2020,61.15
3002,2021,61.349999999999994
3002,2022,61.149999999999984
3002,2023,62.925000000000004
4002,2001,59.125
4002,2002,58.849999999999994
4002,2003,59.42499999999999
4002,2004,58.85833333333335
4002,2005,58.6
4002,2006,58.64166666666666
4002,2007,58.925000000000004
4002,2008,58.91666666666666
4002,2009,58.833333333333336
4002,2010,57.724999999999994
4002,2011,57.43333333333334
4002,2012,59.50833333333333
4002,2013,59.31666666666666
4002,2014,61.449999999999996
4002,2015,60.75833333333333
4002,2016,60.13333333333333
4002,2017,60.34166666666666
4002,2018,60.125
4002,2019,58.40833333333333
4002,2020,60.51666666666667
4002,2021,60.35
4002,2022,60.04999999999999
4002,2023,58.25000000000001
5002,2001,46.85
5002,2002,46.083333333333336
5002,2003,47.025000000000006
5002,2004,45.84166666666667
5002,2005,46.76666666666667
5002,2006,46.508333333333326
5002,2007,46.175000000000004
5002,2008,44.94166666666666
5002,2009,45.18333333333333
5002,2010,46.15
5002,2011,45.43333333333334
5002,2012,48.31666666666666
5002,2013,45.09166666666667
5002,2014,46.05833333333333
5002,2015,47.44166666666666
5002,2016,47.28333333333334
5002,2017,47.925000000000004
5002,2018,47.166666666666664
5002,2019,45.26666666666666
5002,2020,47.25833333333335
5002,2021,47.474999999999994
5002,2022,46.19166666666667
5002,2023,45.59166666666666
6002,2001,50.24166666666667
6002,2002,50.46666666666666
6002,2003,48.15833333333333
6002,2004,48.75833333333333
6002,2005,49.50833333333333
6002,2006,51.13333333333333
6002,2007,49.53333333333333
6002,2008,49.70000000000001
6002,2009,48.84166666666667
6002,2010,51.35
6002,2011,50.85833333333333
6002,2012,52.46666666666666
6002,2013,49.78333333333333
6002,2014,48.675000000000004
6002,2015,49.84166666666667
6002,2016,51.775000000000006
6002,2017,50.925000000000004
6002,2018,50.758333333333326
6002,2019,49.75
6002,2020,51.78333333333334
6002,2021,51.383333333333326
6002,2022,50.991666666666674
6002,2023,52.20833333333334
7002,2001,56.09166666666666
7002,2002,57.15833333333333
7002,2003,54.583333333333336
7002,2004,55.824999999999996
7002,2005,55.724999999999994
7002,2006,57.324999999999996
7002,2007,56.29166666666668
7002,2008,56.30833333333334
7002,2009,55.42500000000001
7002,2010,56.675000000000004
7002,2011,57.425000000000004
7002,2012,58.475
7002,2013,55.82500000000001
7002,2014,54.71666666666667
7002,2015,56.416666666666664
7002,2016,57.366666666666674
7002,2017,57.62499999999999
7002,2018,57.14166666666667
7002,2019,57.45833333333334
7002,2020,57.98333333333333
7002,2021,57.400000000000006
7002,2022,56.533333333333324
7002,2023,57.75
8002,2001,70.93333333333335
8002,2002,71.29166666666667
8002,2003,70.86666666666666
8002,2004,70.81666666666666
8002,2005,70.83333333333333
8002,2006,71.35833333333333
8002,2007,71.75
8002,2008,70.825
8002,2009,71.15833333333332
8002,2010,69.19166666666666
8002,2011,71.68333333333334
8002,2012,71.89166666666667
8002,2013,71.68333333333334
8002,2014,70.64166666666668
8002,2015,73.35833333333333
8002,2016,72.46666666666667
8002,2017,72.84166666666665
8002,2018,72.27499999999999
8002,2019,73.18333333333332
8002,2020,73.22500000000001
8002,2021,72.19166666666668
8002,2022,72.52499999999999
8002,2023,73.26666666666667
9002,2001,63.94166666666667
9002,2002,64.35833333333333
9002,2003,63.316666666666656
9002,2004,63.975
9002,2005,63.79166666666666
9002,2006,64.55
9002,2007,64.8
9002,2008,63.51666666666667
9002,2009,63.41666666666668
9002,2010,62.95833333333332
9002,2011,64.64166666666667
9002,2012,65.5
9002,2013,63.39166666666667
9002,2014,62.96666666666667
9002,2015,65.30833333333332
9002,2016,65.79166666666667
9002,2017,65.825
9002,2018,65.08333333333333
9002,2019,66.21666666666667
9002,2020,65.60833333333332
9002,2021,64.60000000000001
9002,2022,64.78333333333335
9002,2023,65.60000000000001
10002,2001,44.24166666666667
10002,2002,42.958333333333336
10002,2003,45.36666666666667
10002,2004,44.15
10002,2005,43.583333333333336
10002,2006,44.18333333333334
10002,2007,44.775
10002,2008,42.525000000000006
10002,2009,42.81666666666667
10002,2010,43.324999999999996
10002,2011,42.38333333333333
10002,2012,45.099999999999994
10002,2013,43.708333333333336
10002,2014,45.1
10002,2015,46.375
10002,2016,45.09166666666667
10002,2017,44.258333333333326
10002,2018,44.525
10002,2019,42.98333333333334
10002,2020,44.333333333333336
10002,2021,45.416666666666664
10002,2022,43.53333333333333
10002,2023,43.76666666666667
11002,2001,53.35833333333332
11002,2002,53.241666666666674
11002,2003,51.70833333333332
11002,2004,52.583333333333336
11002,2005,53.70000000000001
11002,2006,53.99999999999999
11002,2007,53.67500000000001
11002,2008,50.916666666666664
11002,2009,51.425000000000004
11002,2010,52.89166666666667
11002,2011,53.15
11002,2012,55.775
11002,2013,51.083333333333336
11002,2014,49.48333333333333
11002,2015,52.866666666666674
11002,2016,54.73333333333333
11002,2017,54.39166666666666
11002,2018,52.475
11002,2019,52.1
11002,2020,53.30833333333334
11002,2021,53.76666666666667
11002,2022,52.05833333333333
11002,2023,54.74166666666667
12002,2001,53.15833333333333
12002,2002,53.116666666666674
12002,2003,51.06666666666667
12002,2004,52.21666666666666
12002,2005,52.85
12002,2006,53.425000000000004
12002,2007,53.28333333333333
12002,2008,51.04166666666668
12002,2009,51.283333333333324
12002,2010,52.59999999999999
12002,2011,53.06666666666666
12002,2012,55.13333333333335
12002,2013,51.208333333333336
12002,2014,49.40833333333333
12002,2015,52.30833333333334
12002,2016,54.224999999999994
12002,2017,53.975
12002,2018,52.59166666666666
12002,2019,52.400000000000006
12002,2020,53.291666666666664
12002,2021,53.5
12002,2022,52.175000000000004
12002,2023,54.324999999999996
13002,2001,49.05833333333334
13002,2002,49.166666666666664
13002,2003,47.90833333333333
13002,2004,48.50833333333333
13002,2005,49.61666666666667
13002,2006,50.39166666666666
13002,2007,48.89166666666667
13002,2008,45.916666666666664
13002,2009,46.699999999999996
13002,2010,48.19166666666666
13002,2011,48.40833333333333
13002,2012,52.06666666666667
13002,2013,46.65833333333333
13002,2014,45.458333333333336
13002,2015,49.26666666666666
13002,2016,50.71666666666667
13002,2017,50.0
13002,2018,47.491666666666674
13002,2019,46.81666666666667
13002,2020,49.150000000000006
13002,2021,50.0
13002,2022,47.508333333333326
13002,2023,50.51666666666666
14002,2001,55.91666666666668
14002,2002,55.18333333333333
14002,2003,54.96666666666667
14002,2004,55.06666666666667
14002,2005,55.89166666666667
14002,2006,56.87500000000001
14002,2007,55.074999999999996
14002,2008,53.574999999999996
14002,2009,53.599999999999994
14002,2010,55.275
14002,2011,55.20833333333334
14002,2012,58.21666666666667
14002,2013,53.71666666666667
14002,2014,53.68333333333333
14002,2015,56.300000000000004
14002,2016,57.16666666666666
14002,2017,56.50000000000001
14002,2018,54.599999999999994
14002,2019,53.816666666666684
14002,2020,55.61666666666667
14002,2021,56.11666666666667
14002,2022,55.15
14002,2023,56.341666666666676
15002,2001,56.59166666666667
15002,2002,56.833333333333336
15002,2003,55.241666666666674
15002,2004,56.40833333333333
15002,2005,56.78333333333333
15002,2006,56.80833333333333
15002,2007,57.71666666666666
15002,2008,55.350000000000016
15002,2009,55.39166666666667
15002,2010,56.00833333333333
15002,2011,56.925000000000004
15002,2012,58.40833333333334
15002,2013,55.041666666666664
15002,2014,54.341666666666676
15002,2015,56.56666666666666
15002,2016,57.925000000000004
15002,2017,57.81666666666666
15002,2018,56.95833333333332
15002,2019,57.475
15002,2020,57.14166666666665
15002,2021,56.958333333333336
15002,2022,56.324999999999996
15002,2023,58.09166666666666
16002,2001,66.65833333333332
16002,2002,66.64166666666667
16002,2003,66.375
16002,2004,67.14166666666667
16002,2005,67.50833333333334
16002,2006,67.77499999999999
16002,2007,67.38333333333334
16002,2008,66.64166666666667
16002,2009,66.85000000000001
16002,2010,66.45833333333333
16002,2011,67.71666666666667
16002,2012,68.71666666666667
16002,2013,66.25000000000001
16002,2014,65.075
16002,2015,68.09166666666668
16002,2016,68.74166666666667
16002,2017,68.71666666666667
16002,2018,67.775
16002,2019,67.70833333333334
16002,2020,68.15833333333335
16002,2021,67.48333333333333
16002,2022,67.25
16002,2023,69.63333333333334
17002,2001,42.65
17002,2002,41.699999999999996
17002,2003,40.449999999999996
17002,2004,40.44166666666666
17002,2005,41.833333333333336
17002,2006,43.974999999999994
17002,2007,40.71666666666667
17002,2008,41.60833333333333
17002,2009,40.85833333333333
17002,2010,44.63333333333333
17002,2011,42.81666666666667
17002,2012,43.85833333333332
17002,2013,41.96666666666667
17002,2014,41.19166666666667
17002,2015,41.225
17002,2016,43.258333333333326
17002,2017,42.36666666666667
17002,2018,41.76666666666666
17002,2019,40.675000000000004
17002,2020,43.50833333333333
17002,2021,44.225
17002,2022,43.383333333333326
17002,2023,44.31666666666666
18002,2001,55.324999999999996
18002,2002,56.275
18002,2003,53.916666666666664
18002,2004,55.16666666666668
18002,2005,55.166666666666664
18002,2006,56.51666666666666
18002,2007,55.69166666666666
18002,2008,55.31666666666666
18002,2009,54.60833333333333
18002,2010,55.849999999999994
18002,2011,56.525
18002,2012,57.491666666666674
18002,2013,54.71666666666667
18002,2014,53.56666666666667
18002,2015,55.44166666666666
18002,2016,56.46666666666667
18002,2017,56.68333333333333
18002,2018,55.925000000000004
18002,2019,56.55833333333333
18002,2020,57.19999999999999
18002,2021,56.84166666666666
18002,2022,55.71666666666666
18002,2023,57.300000000000004
19002,2001,49.09166666666666
19002,2002,49.34166666666666
19002,2003,47.10833333333333
19002,2004,47.61666666666667
19002,2005,48.39166666666667
19002,2006,50.11666666666667
19002,2007,48.29166666666668
19002,2008,48.60833333333333
19002,2009,47.74166666666667
19002,2010,50.35
19002,2011,49.666666666666664
19002,2012,51.33333333333334
19002,2013,48.79999999999999
19002,2014,47.725
19002,2015,48.458333333333336
19002,2016,50.316666666666684
19002,2017,49.574999999999996
19002,2018,49.474999999999994
19002,2019,48.541666666666664
19002,2020,50.900000000000006
19002,2021,50.80833333333333
19002,2022,50.300000000000004
19002,2023,51.26666666666667
20002,2001,46.800000000000004
20002,2002,45.74166666666667
20002,2003,43.96666666666667
20002,2004,44.583333333333336
20002,2005,46.04166666666668
20002,2006,47.01666666666667
20002,2007,46.09166666666667
20002,2008,44.03333333333333
20002,2009,43.775
20002,2010,47.074999999999996
20002,2011,45.61666666666667
20002,2012,48.425000000000004
20002,2013,44.05833333333333
20002,2014,41.88333333333333
20002,2015,45.10833333333333
20002,2016,47.366666666666674
20002,2017,46.291666666666664
20002,2018,45.10833333333333
20002,2019,43.93333333333334
20002,2020,46.541666666666664
20002,2021,47.4
20002,2022,45.06666666666666
20002,2023,47.425000000000004
21002,2001,43.04999999999999
21002,2002,42.041666666666664
21002,2003,41.516666666666666
21002,2004,41.300000000000004
21002,2005,43.06666666666667
21002,2006,44.38333333333333
21002,2007,42.4
21002,2008,39.416666666666664
21002,2009,40.10833333333333
21002,2010,42.84166666666667
21002,2011,42.025
21002,2012,45.208333333333336
21002,2013,39.325
21002,2014,38.64166666666666
21002,2015,43.49166666666667
21002,2016,44.56666666666666
21002,2017,42.63333333333333
21002,2018,40.59166666666666
21002,2019,39.300000000000004
21002,2020,42.40833333333333
21002,2021,44.30000000000001
21002,2022,40.0
21002,2023,43.75833333333333
22002,2001,63.70000000000001
22002,2002,63.98333333333334
22002,2003,63.26666666666666
22002,2004,64.00833333333333
22002,2005,64.27500000000002
22002,2006,64.75833333333334
22002,2007,64.95
22002,2008,63.324999999999996
22002,2009,63.63333333333333
22002,2010,63.48333333333333
22002,2011,64.45
22002,2012,65.68333333333334
22002,2013,63.083333333333336
22002,2014,62.31666666666666
22002,2015,65.29166666666667
22002,2016,65.90833333333335
22002,2017,65.77499999999999
22002,2018,64.77499999999999
22002,2019,65.22500000000001
22002,2020,65.45
22002,2021,64.68333333333332
22002,2022,64.66666666666667
22002,2023,66.74166666666666
23002,2001,55.80833333333334
23002,2002,55.31666666666667
23002,2003,54.5
23002,2004,54.96666666666667
23002,2005,56.23333333333332
23002,2006,56.75
23002,2007,56.18333333333334
23002,2008,53.43333333333334
23002,2009,53.974999999999994
23002,2010,55.20833333333332
23002,2011,55.64166666666667
23002,2012,58.54999999999998
23002,2013,53.60833333333333
23002,2014,52.875
23002,2015,55.84166666666667
23002,2016,57.44166666666666
23002,2017,57.15
23002,2018,55.199999999999996
23002,2019,54.975
23002,2020,55.758333333333326
23002,2021,56.30000000000001
23002,2022,55.025
23002,2023,57.4
24002,2001,43.650000000000006
24002,2002,41.44166666666667
24002,2003,43.333333333333336
24002,2004,42.81666666666667
24002,2005,43.05833333333334
24002,2006,44.375
24002,2007,44.025000000000006
24002,2008,41.38333333333333
24002,2009,41.14166666666666
24002,2010,41.558333333333344
24002,2011,41.58333333333333
24002,2012,44.53333333333333
24002,2013,42.38333333333333
24002,2014,41.90833333333333
24002,2015,44.85833333333334
24002,2016,44.62500000000001
24002,2017,43.175000000000004
24002,2018,41.275
24002,2019,39.87500000000001
24002,2020,43.28333333333333
24002,2021,43.96666666666667
24002,2022,42.075
24002,2023,43.85
25002,2001,50.33333333333332
25002,2002,50.00833333333333
25002,2003,49.78333333333334
25002,2004,49.80833333333333
25002,2005,50.70000000000001
25002,2006,51.091666666666676
25002,2007,49.958333333333336
25002,2008,47.69166666666666
25002,2009,47.6
25002,2010,49.34166666666667
25002,2011,48.78333333333334
25002,2012,52.70833333333334
25002,2013,48.45833333333332
25002,2014,48.01666666666667
25002,2015,50.800000000000004
25002,2016,51.65
25002,2017,50.666666666666664
25002,2018,48.25833333333333
25002,2019,47.491666666666674
25002,2020,50.550000000000004
25002,2021,51.041666666666664
25002,2022,49.650000000000006
25002,2023,50.43333333333334
26002,2001,51.55833333333334
26002,2002,50.800000000000004
26002,2003,52.24166666666667
26002,2004,50.833333333333336
26002,2005,50.666666666666664
26002,2006,50.79166666666668
26002,2007,51.525
26002,2008,50.416666666666664
26002,2009,50.36666666666667
26002,2010,50.04999999999999
26002,2011,49.56666666666666
26002,2012,52.35833333333333
26002,2013,50.49166666666667
26002,2014,53.03333333333333
26002,2015,52.89166666666666
26002,2016,51.93333333333334
26002,2017,52.21666666666666
26002,2018,52.008333333333326
26002,2019,49.875
26002,2020,52.44166666666666
26002,2021,52.54166666666668
26002,2022,51.61666666666667
26002,2023,49.88333333333333
27002,2001,44.574999999999996
27002,2002,44.525000000000006
27002,2003,42.49999999999999
27002,2004,42.98333333333333
27002,2005,44.03333333333333
27002,2006,45.78333333333334
27002,2007,43.1
27002,2008,43.85
27002,2009,42.96666666666667
27002,2010,45.98333333333334
27002,2011,44.93333333333333
27002,2012,46.59166666666667
27002,2013,44.199999999999996
27002,2014,43.050000000000004
27002,2015,43.616666666666674
27002,2016,45.73333333333333
27002,2017,44.93333333333333
27002,2018,44.449999999999996
27002,2019,43.25
27002,2020,45.85
27002,2021,46.06666666666666
27002,2022,45.416666666666664
27002,2023,46.699999999999996
28002,2001,53.64166666666667
28002,2002,54.30833333333334
28002,2003,51.84166666666666
28002,2004,53.01666666666667
28002,2005,53.449999999999996
28002,2006,54.975
28002,2007,53.58333333333334
28002,2008,53.62500000000001
28002,2009,52.73333333333334
28002,2010,54.675000000000004
28002,2011,54.85833333333332
28002,2012,55.86666666666667
28002,2013,53.208333333333336
28002,2014,51.94166666666667
28002,2015,53.866666666666674
28002,2016,54.95000000000001
28002,2017,54.59166666666667
28002,2018,54.17499999999999
28002,2019,54.275
28002,2020,55.525000000000006
28002,2021,55.08333333333334
28002,2022,54.34166666666666
28002,2023,55.55833333333333
29002,2001,54.574999999999996
29002,2002,54.383333333333326
29002,2003,55.48333333333333
29002,2004,53.541666666666664
29002,2005,54.71666666666666
29002,2006,54.74166666666667
29002,2007,54.21666666666667
29002,2008,53.64166666666667
29002,2009,54.275000000000006
29002,2010,54.166666666666664
29002,2011,54.61666666666665
29002,2012,56.00000000000001
29002,2013,53.675000000000004
29002,2014,54.80833333333333
29002,2015,54.94166666666666
29002,2016,55.51666666666666
29002,2017,56.38333333333335
29002,2018,55.50833333333333
29002,2019,54.45000000000001
29002,2020,56.00833333333333
29002,2021,55.43333333333334
29002,2022,54.591666666666676
29002,2023,55.31666666666666
30002,2001,46.93333333333334
30002,2002,46.84166666666666
30002,2003,44.525
30002,2004,45.166666666666664
30002,2005,46.224999999999994
30002,2006,47.63333333333333
30002,2007,45.65833333333333
30002,2008,45.775
30002,2009,45.01666666666666
30002,2010,47.25
30002,2011,47.125
30002,2012,48.84166666666667
30002,2013,45.725
30002,2014,44.50833333333333
30002,2015,45.69166666666666
30002,2016,47.650000000000006
30002,2017,46.92500000000001
30002,2018,46.19166666666667
30002,2019,45.24166666666667
30002,2020,47.81666666666666
30002,2021,47.71666666666667
30002,2022,46.55833333333334
30002,2023,48.21666666666667
31002,2001,59.39166666666666
31002,2002,59.975
31002,2003,58.725
31002,2004,59.34166666666667
31002,2005,59.425000000000004
31002,2006,59.81666666666667
31002,2007,60.474999999999994
31002,2008,59.324999999999996
31002,2009,58.88333333333335
31002,2010,59.01666666666667
31002,2011,60.39166666666667
31002,2012,60.71666666666666
31002,2013,58.55833333333333
31002,2014,58.349999999999994
31002,2015,60.51666666666667
31002,2016,60.841666666666676
31002,2017,60.99999999999999
31002,2018,60.43333333333333
31002,2019,61.324999999999996
31002,2020,60.82500000000001
31002,2021,60.23333333333333
31002,2022,59.92499999999999
31002,2023,60.76666666666667
32002,2001,42.24166666666667
32002,2002,40.99999999999999
32002,2003,40.766666666666666
32002,2004,40.541666666666664
32002,2005,42.4
32002,2006,43.833333333333336
32002,2007,41.766666666666666
32002,2008,39.33333333333333
32002,2009,38.516666666666666
32002,2010,40.87500000000001
32002,2011,40.65833333333334
32002,2012,44.133333333333326
32002,2013,38.79166666666667
32002,2014,38.975
32002,2015,43.375
32002,2016,44.366666666666674
32002,2017,42.00833333333333
32002,2018,39.79166666666667
32002,2019,38.00000000000001
32002,2020,42.25833333333333
32002,2021,43.80000000000001
32002,2022,39.425000000000004
32002,2023,42.0
33002,2001,52.366666666666674
33002,2002,52.53333333333333
33002,2003,50.23333333333333
33002,2004,51.341666666666676
33002,2005,51.791666666666664
33002,2006,52.708333333333336
33002,2007,52.26666666666666
33002,2008,50.63333333333333
33002,2009,50.541666666666664
33002,2010,51.699999999999996
33002,2011,52.30833333333333
33002,2012,54.01666666666667
33002,2013,50.875
33002,2014,49.191666666666656
33002,2015,51.61666666666667
33002,2016,53.574999999999996
33002,2017,53.224999999999994
33002,2018,52.19166666666666
33002,2019,52.39166666666667
33002,2020,53.025
33002,2021,53.17499999999999
33002,2022,51.73333333333333
33002,2023,53.53333333333334
34002,2001,60.78333333333334
34002,2002,59.41666666666668
34002,2003,59.86666666666667
34002,2004,60.15
34002,2005,60.84166666666666
34002,2006,62.15833333333333
34002,2007,60.050000000000004
34002,2008,59.55000000000001
34002,2009,59.41666666666668
34002,2010,60.29999999999999
34002,2011,61.64166666666666
34002,2012,63.150000000000006
34002,2013,58.83333333333334
34002,2014,58.883333333333326
34002,2015,60.824999999999996
34002,2016,62.30833333333333
34002,2017,61.80833333333333
34002,2018,60.199999999999996
34002,2019,59.866666666666674
34002,2020,60.70833333333332
34002,2021,60.800000000000004
34002,2022,60.94166666666666
34002,2023,61.833333333333336
35002,2001,47.78333333333334
35002,2002,47.708333333333336
35002,2003,49.041666666666664
35002,2004,48.449999999999996
35002,2005,47.708333333333336
35002,2006,47.949999999999996
35002,2007,47.78333333333334
35002,2008,46.800000000000004
35002,2009,47.25833333333333
35002,2010,47.11666666666667
35002,2011,46.275000000000006
35002,2012,48.01666666666667
35002,2013,47.64166666666667
35002,2014,49.62500000000001
35002,2015,50.35833333333333
35002,2016,48.76666666666667
35002,2017,48.03333333333333
35002,2018,48.44166666666666
35002,2019,47.14166666666667
35002,2020,48.824999999999996
35002,2021,49.19166666666666
35002,2022,48.30833333333334
35002,2023,48.025
36002,2001,49.93333333333333
36002,2002,50.300000000000004
36002,2003,47.975
36002,2004,49.06666666666667
36002,2005,49.49166666666667
36002,2006,50.75833333333333
36002,2007,49.49999999999999
36002,2008,48.85
36002,2009,48.43333333333333
36002,2010,50.083333333333336
36002,2011,50.43333333333333
36002,2012,51.79999999999999
36002,2013,49.008333333333326
36002,2014,47.43333333333334
36002,2015,49.458333333333336
36002,2016,50.93333333333334
36002,2017,50.60833333333334
36002,2018,49.75833333333335
36002,2019,49.866666666666674
36002,2020,51.16666666666668
36002,2021,51.166666666666664
36002,2022,49.64166666666666
36002,2023,51.50833333333335
37002,2001,51.09166666666667
37002,2002,51.175000000000004
37002,2003,48.98333333333333
37002,2004,49.32500000000001
37002,2005,50.09166666666667
37002,2006,51.841666666666676
37002,2007,50.28333333333333
37002,2008,50.775
37002,2009,49.774999999999984
37002,2010,51.96666666666666
37002,2011,51.625
37002,2012,52.87500000000001
37002,2013,50.65
37002,2014,49.74166666666665
37002,2015,50.43333333333333
37002,2016,52.20833333333334
37002,2017,51.53333333333334
37002,2018,51.55833333333334
37002,2019,50.62500000000001
37002,2020,52.800000000000004
37002,2021,52.49166666666665
37002,2022,52.06666666666666
37002,2023,52.53333333333334
38002,2001,63.291666666666664
38002,2002,63.699999999999996
38002,2003,62.35833333333334
38002,2004,63.18333333333334
38002,2005,63.066666666666684
38002,2006,63.61666666666667
38002,2007,64.3
38002,2008,62.94999999999999
38002,2009,62.675000000000004
38002,2010,62.56666666666666
38002,2011,64.10000000000001
38002,2012,64.50833333333334
38002,2013,62.32500000000001
38002,2014,62.21666666666666
38002,2015,64.49166666666666
38002,2016,64.85833333333333
38002,2017,65.06666666666665
38002,2018,64.25
38002,2019,65.01666666666667
38002,2020,64.61666666666666
38002,2021,63.725
38002,2022,63.76666666666667
38002,2023,64.29166666666667
39002,2001,46.49166666666667
39002,2002,46.24166666666665
39002,2003,46.05833333333334
39002,2004,46.291666666666664
39002,2005,47.34166666666667
39002,2006,48.14166666666667
39002,2007,46.800000000000004
39002,2008,43.84166666666666
39002,2009,43.55833333333333
39002,2010,45.13333333333335
39002,2011,44.775
39002,2012,49.26666666666666
39002,2013,44.04166666666668
39002,2014,43.68333333333334
39002,2015,47.53333333333333
39002,2016,48.349999999999994
39002,2017,46.76666666666667
39002,2018,44.133333333333326
39002,2019,42.341666666666676
39002,2020,46.758333333333326
39002,2021,48.025000000000006
39002,2022,45.175000000000004
39002,2023,46.725
40002,2001,58.24999999999999
40002,2002,58.724999999999994
40002,2003,57.508333333333326
40002,2004,58.49166666666665
40002,2005,58.74999999999999
40002,2006,58.89166666666666
40002,2007,59.94166666666667
40002,2008,57.625
40002,2009,57.583333333333336
40002,2010,57.92500000000001
40002,2011,58.94166666666666
40002,2012,60.33333333333334
40002,2013,57.11666666666667
40002,2014,56.61666666666667
40002,2015,59.03333333333333
40002,2016,60.300000000000004
40002,2017,59.96666666666667
40002,2018,59.074999999999996
40002,2019,59.83333333333334
40002,2020,59.275
40002,2021,59.025
40002,2022,58.54166666666666
40002,2023,59.949999999999996
41002,2001,65.69999999999999
41002,2002,65.02499999999999
41002,2003,65.49999999999999
41002,2004,65.24166666666667
41002,2005,65.96666666666667
41002,2006,67.11666666666666
41002,2007,64.84166666666667
41002,2008,65.53333333333333
41002,2009,65.75833333333333
41002,2010,65.10000000000001
41002,2011,67.34166666666665
41002,2012,67.76666666666667
41002,2013,65.10833333333333
41002,2014,64.85000000000001
41002,2015,65.8
41002,2016,67.14999999999999
41002,2017,67.31666666666666
41002,2018,66.0
41002,2019,65.89166666666668
41002,2020,66.86666666666666
41002,2021,66.14999999999999
41002,2022,66.49999999999999
41002,2023,68.1
42002,2001,49.98333333333332
42002,2002,48.824999999999996
42002,2003,50.599999999999994
42002,2004,48.70000000000001
42002,2005,49.33333333333334
42002,2006,49.166666666666664
42002,2007,49.89166666666667
42002,2008,48.10833333333333
42002,2009,48.44166666666667
42002,2010,48.31666666666666
42002,2011,47.60833333333333
42002,2012,50.94166666666667
42002,2013,47.75
42002,2014,50.44166666666667
42002,2015,50.73333333333333
42002,2016,50.23333333333334
42002,2017,50.724999999999994
42002,2018,50.400000000000006
42002,2019,47.875
42002,2020,50.383333333333326
42002,2021,50.675000000000004
42002,2022,49.53333333333333
42002,2023,48.46666666666667
43002,2001,43.78333333333333
43002,2002,43.56666666666666
43002,2003,41.483333333333334
43002,2004,41.84166666666666
43002,2005,43.416666666666664
43002,2006,45.05833333333333
43002,2007,42.175
43002,2008,43.050000000000004
43002,2009,42.283333333333324
43002,2010,44.87499999999999
43002,2011,44.300000000000004
43002,2012,45.85
43002,2013,43.23333333333333
43002,2014,41.95
43002,2015,42.63333333333333
43002,2016,44.65
43002,2017,43.800000000000004
43002,2018,43.21666666666667
43002,2019,41.87500000000001
43002,2020,44.82499999999999
43002,2021,44.95000000000001
43002,2022,44.208333333333336
43002,2023,45.78333333333333
44002,2001,55.84166666666667
44002,2002,56.55833333333334
44002,2003,54.95000000000001
44002,2004,55.88333333333333
44002,2005,55.933333333333344
44002,2006,56.57500000000001
44002,2007,56.80000000000001
44002,2008,55.708333333333336
44002,2009,55.15833333333333
44002,2010,55.925000000000004
44002,2011,56.98333333333334
44002,2012,57.54999999999999
44002,2013,55.116666666666674
44002,2014,54.44166666666666
44002,2015,56.53333333333333
44002,2016,57.11666666666667
44002,2017,57.308333333333344
44002,2018,56.56666666666667
44002,2019,57.475
44002,2020,57.42499999999999
44002,2021,57.04999999999999
44002,2022,56.208333333333336
44002,2023,57.475
45002,2001,46.875
45002,2002,46.93333333333334
45002,2003,48.175000000000004
45002,2004,48.39166666666667
45002,2005,47.333333333333336
45002,2006,47.50833333333333
45002,2007,46.791666666666664
45002,2008,45.75833333333333
45002,2009,46.36666666666667
45002,2010,47.083333333333336
45002,2011,45.525
45002,2012,47.05833333333334
45002,2013,47.150000000000006
45002,2014,48.375
45002,2015,49.975
45002,2016,48.574999999999996
45002,2017,46.81666666666667
45002,2018,48.050000000000004
45002,2019,46.525000000000006
45002,2020,48.05833333333334
45002,2021,48.25833333333333
45002,2022,47.09166666666667
45002,2023,48.366666666666674
46002,2001,52.69166666666666
46002,2002,53.23333333333335
46002,2003,51.58333333333332
46002,2004,52.71666666666667
46002,2005,52.75833333333333
46002,2006,53.03333333333333
46002,2007,53.291666666666664
46002,2008,51.791666666666664
46002,2009,51.74166666666667
46002,2010,52.05000000000001
46002,2011,53.50000000000001
46002,2012,54.31666666666667
46002,2013,51.775
46002,2014,50.78333333333333
46002,2015,53.14166666666666
46002,2016,54.14166666666666
46002,2017,54.00833333333333
46002,2018,53.300000000000004
46002,2019,54.15833333333334
46002,2020,53.949999999999996
46002,2021,53.64166666666666
46002,2022,52.349999999999994
46002,2023,53.95833333333334
47002,2001,45.32500000000001
47002,2002,44.58333333333334
47002,2003,43.199999999999996
47002,2004,43.51666666666666
47002,2005,45.06666666666666
47002,2006,45.99166666666667
47002,2007,44.74166666666667
47002,2008,41.775
47002,2009,42.38333333333333
47002,2010,45.46666666666667
47002,2011,44.13333333333333
47002,2012,47.39166666666666
47002,2013,41.775
47002,2014,40.225
47002,2015,44.81666666666666
47002,2016,46.19166666666666
47002,2017,44.71666666666666
47002,2018,43.208333333333336
47002,2019,42.141666666666666
47002,2020,44.82500000000001
47002,2021,45.76666666666666
47002,2022,42.85833333333334
47002,2023,46.30833333333334
48002,2001,43.20000000000001
48002,2002,41.375
48002,2003,43.050000000000004
48002,2004,42.40833333333334
48002,2005,42.84166666666667
48002,2006,43.16666666666668
48002,2007,43.291666666666664
48002,2008,40.68333333333333
48002,2009,40.925000000000004
48002,2010,41.95833333333334
48002,2011,41.05833333333334
48002,2012,44.78333333333333
48002,2013,41.675000000000004
48002,2014,42.125
48002,2015,44.15833333333333
48002,2016,43.90833333333333
48002,2017,43.19166666666667
48002,2018,42.40833333333334
48002,2019,40.275
48002,2020,42.78333333333333
48002,2021,43.64166666666667
48002,2022,41.958333333333336
48002,2023,41.766666666666666
49002,2001,66.45833333333333
49002,2002,66.60833333333333
49002,2003,66.86666666666667
49002,2004,67.06666666666666
49002,2005,66.73333333333332
49002,2006,66.44166666666666
49002,2007,66.12500000000001
49002,2008,65.64999999999999
49002,2009,65.96666666666668
49002,2010,66.01666666666667
49002,2011,66.01666666666667
49002,2012,65.76666666666667
49002,2013,66.29166666666664
49002,2014,66.94166666666666
49002,2015,67.26666666666667
49002,2016,66.81666666666668
49002,2017,66.65833333333333
49002,2018,67.05833333333334
49002,2019,67.575
49002,2020,67.275
49002,2021,66.28333333333333
49002,2022,66.93333333333332
49002,2023,66.77499999999999
50002,2001,27.333333333333332
50002,2002,30.08333333333334
50002,2003,29.108333333333338
50002,2004,29.325
50002,2005,29.183333333333334
50002,2006,26.400000000000006
50002,2007,28.083333333333332
50002,2008,25.075000000000003
50002,2009,26.75833333333333
50002,2010,27.425
50002,2011,26.95
50002,2012,24.308333333333334
50002,2013,27.8
50002,2014,30.33333333333334
50002,2015,30.03333333333333
50002,2016,31.883333333333336
50002,2017,29.325000000000003
50002,2018,30.41666666666667
50002,2019,32.19166666666667
50002,2020,27.475000000000005
50002,2021,26.483333333333334
50002,2022,28.625000000000004
50002,2023,28.441666666666666
101002,2001,47.716666666666676
101002,2002,47.708333333333336
101002,2003,45.60833333333333
101002,2004,46.275000000000006
101002,2005,47.133333333333326
101002,2006,48.68333333333334
101002,2007,46.71666666666666
101002,2008,46.849999999999994
101002,2009,46.125
101002,2010,48.51666666666666
101002,2011,48.150000000000006
101002,2012,49.56666666666667
101002,2013,46.90833333333334
101002,2014,45.68333333333333
101002,2015,46.85833333333333
101002,2016,48.61666666666667
101002,2017,48.01666666666668
101002,2018,47.39166666666666
101002,2019,46.800000000000004
101002,2020,48.88333333333333
101002,2021,48.95000000000001
101002,2022,47.88333333333333
101002,2023,49.375
102002,2001,45.74166666666667
102002,2002,45.03333333333334
102002,2003,43.866666666666674
102002,2004,44.11666666666667
102002,2005,45.65
102002,2006,46.699999999999996
102002,2007,45.18333333333333
102002,2008,42.43333333333333
102002,2009,42.90833333333334
102002,2010,45.57499999999999
102002,2011,44.725
102002,2012,47.94166666666667
102002,2013,42.56666666666667
102002,2014,41.233333333333334
102002,2015,45.416666666666664
102002,2016,46.94166666666667
102002,2017,45.583333333333336
102002,2018,43.74166666666667
102002,2019,42.64166666666667
102002,2020,45.383333333333326
102002,2021,46.599999999999994
102002,2022,43.449999999999996
102002,2023,46.666666666666664
103002,2001,54.775000000000006
103002,2002,54.791666666666664
103002,2003,53.30833333333334
103002,2004,54.199999999999996
103002,2005,54.92499999999999
103002,2006,55.34166666666666
103002,2007,55.341666666666676
103002,2008,53.025000000000006
103002,2009,53.241666666666674
103002,2010,54.23333333333334
103002,2011,54.875
103002,2012,56.93333333333333
103002,2013,53.01666666666666
103002,2014,51.88333333333333
103002,2015,54.63333333333333
103002,2016,56.24999999999999
103002,2017,55.975
103002,2018,54.60833333333333
103002,2019,54.71666666666667
103002,2020,55.18333333333333
103002,2021,55.34166666666667
103002,2022,54.166666666666664
103002,2023,56.208333333333336
104002,2001,63.149999999999984
104002,2002,63.65
104002,2003,62.616666666666674
104002,2004,63.166666666666664
104002,2005,63.16666666666668
104002,2006,63.78333333333334
104002,2007,64.16666666666667
104002,2008,62.94166666666667
104002,2009,62.816666666666684
104002,2010,62.40833333333333
104002,2011,64.02499999999999
104002,2012,64.59166666666665
104002,2013,62.75
104002,2014,62.21666666666667
104002,2015,64.61666666666666
104002,2016,64.83333333333333
104002,2017,64.92500000000001
104002,2018,64.28333333333333
104002,2019,65.22500000000001
104002,2020,64.87500000000001
104002,2021,64.08333333333333
104002,2022,64.01666666666667
104002,2023,64.925
105002,2001,44.93333333333334
105002,2002,43.54999999999999
105002,2003,44.400000000000006
105002,2004,44.10833333333334
105002,2005,44.883333333333326
105002,2006,45.75833333333333
105002,2007,44.98333333333333
105002,2008,42.38333333333333
105002,2009,42.175000000000004
105002,2010,43.416666666666664
105002,2011,43.05833333333334
105002,2012,46.65833333333334
105002,2013,43.0
105002,2014,42.81666666666666
105002,2015,45.916666666666664
105002,2016,46.199999999999996
105002,2017,44.833333333333336
105002,2018,42.916666666666664
105002,2019,41.35
105002,2020,44.791666666666664
105002,2021,45.71666666666667
105002,2022,43.40833333333334
105002,2023,44.699999999999996
106002,2001,63.15833333333333
106002,2002,62.53333333333333
106002,2003,62.649999999999984
106002,2004,62.78333333333333
106002,2005,63.50000000000001
106002,2006,64.36666666666667
106002,2007,62.75833333333333
106002,2008,62.416666666666664
106002,2009,62.57500000000001
106002,2010,62.68333333333334
106002,2011,64.11666666666666
106002,2012,65.31666666666668
106002,2013,62.07499999999999
106002,2014,61.70833333333332
106002,2015,63.524999999999984
106002,2016,64.71666666666668
106002,2017,64.60833333333333
106002,2018,63.23333333333334
106002,2019,63.03333333333334
106002,2020,63.91666666666668
106002,2021,63.56666666666667
106002,2022,63.56666666666666
106002,2023,65.14166666666668
107002,2001,53.56666666666667
107002,2002,53.099999999999994
107002,2003,54.18333333333333
107002,2004,52.55833333333334
107002,2005,53.44166666666667
107002,2006,53.34999999999999
107002,2007,53.38333333333333
107002,2008,52.30833333333334
107002,2009,52.73333333333334
107002,2010,52.73333333333333
107002,2011,52.541666666666664
107002,2012,54.75833333333333
107002,2013,52.23333333333333
107002,2014,53.80833333333333
107002,2015,54.12499999999999
107002,2016,54.25
107002,2017,54.98333333333334
107002,2018,54.275000000000006
107002,2019,52.48333333333333
107002,2020,54.525
107002,2021,54.34166666666666
107002,2022,53.31666666666667
107002,2023,53.050000000000004
108002,2001,46.324999999999996
108002,2002,45.9
108002,2003,47.55833333333334
108002,2004,47.0
108002,2005,46.225
108002,2006,46.55833333333334
108002,2007,46.5
108002,2008,45.074999999999996
108002,2009,45.525000000000006
108002,2010,45.81666666666666
108002,2011,44.75
108002,2012,46.775
108002,2013,46.19166666666666
108002,2014,47.75833333333335
108002,2015,48.916666666666664
108002,2016,47.48333333333334
108002,2017,46.416666666666664
108002,2018,46.99999999999999
108002,2019,45.583333333333336
108002,2020,47.09166666666667
108002,2021,47.675000000000004
108002,2022,46.36666666666667
108002,2023,46.69166666666666
109002,2001,56.008333333333326
109002,2002,55.541666666666664
109002,2003,56.474999999999994
109002,2004,55.55000000000001
109002,2005,55.33333333333334
109002,2006,55.40833333333334
109002,2007,55.883333333333326
109002,2008,55.43333333333333
109002,2009,55.35
109002,2010,54.583333333333336
109002,2011,54.19166666666666
109002,2012,56.57500000000001
109002,2013,55.691666666666684
109002,2014,57.98333333333333
109002,2015,57.525
109002,2016,56.75
109002,2017,56.991666666666674
109002,2018,56.76666666666668
109002,2019,54.883333333333326
109002,2020,57.18333333333334
109002,2021,57.13333333333333
109002,2022,56.583333333333336
109002,2023,54.81666666666666
110002,2001,53.68
110002,2002,53.195
110002,2003,53.24333333333333
110002,2004,53.0825
110002,2005,53.62500000000001
110002,2006,54.23916666666668
110002,2007,53.64083333333334
110002,2008,52.2825
110002,2009,52.37583333333334
110002,2010,52.97666666666667
110002,2011,53.17333333333334
110002,2012,55.27333333333333
110002,2013,52.41499999999999
110002,2014,52.52833333333333
110002,2015,54.3825
110002,2016,54.90166666666667
110002,2017,54.538333333333334
110002,2018,53.50833333333333
110002,2019,52.66416666666666
110002,2020,54.357499999999995
110002,2021,54.49750000000001
110002,2022,53.37916666666666
110002,2023,54.362500000000004
111002,2001,51.866666666666674
111002,2002,50.791666666666664
111002,2003,51.34166666666666
111002,2004,51.050000000000004
111002,2005,51.90833333333334
111002,2006,52.900000000000006
111002,2007,51.37499999999998
111002,2008,49.9
111002,2009,49.69166666666667
111002,2010,50.79999999999999
111002,2011,51.1
111002,2012,53.875
111002,2013,50.008333333333326
111002,2014,49.833333333333336
111002,2015,52.400000000000006
111002,2016,53.19166666666667
111002,2017,52.300000000000004
111002,2018,50.40833333333333
111002,2019,49.35833333333332
111002,2020,51.98333333333333
111002,2021,52.400000000000006
111002,2022,51.008333333333326
111002,2023,52.28333333333334
115002,2001,65.25833333333334
115002,2002,64.85833333333333
115002,2003,65.03333333333335
115002,2004,64.98333333333333
115002,2005,65.54166666666667
115002,2006,66.425
115002,2007,65.00833333333334
115002,2008,64.93333333333334
115002,2009,65.15833333333335
115002,2010,64.63333333333334
115002,2011,66.49166666666667
115002,2012,67.2
115002,2013,64.72500000000001
115002,2014,64.24166666666666
115002,2015,65.92500000000001
115002,2016,66.85833333333333
115002,2017,66.94166666666668
115002,2018,65.80000000000001
115002,2019,65.89166666666667
115002,2020,66.55833333333332
115002,2021,65.86666666666666
115002,2022,66.05000000000001
115002,2023,67.55833333333332
120002,2001,51.10833333333334
120002,2002,50.525000000000006
120002,2003,51.83333333333334
120002,2004,50.74166666666667
120002,2005,50.800000000000004
120002,2006,50.90833333333334
120002,2007,51.17499999999999
120002,2008,49.949999999999996
120002,2009,50.26666666666666
120002,2010,50.12500000000001
120002,2011,49.54166666666668
120002,2012,51.88333333333333
120002,2013,50.400000000000006
120002,2014,52.21666666666667
120002,2015,52.60833333333334
120002,2016,51.95000000000001
120002,2017,51.95833333333332
120002,2018,51.800000000000004
120002,2019,49.94999999999999
120002,2020,51.975
120002,2021,52.15833333333334
120002,2022,51.11666666666667
120002,2023,50.525000000000006
121002,2001,52.4
121002,2002,52.63333333333333
121002,2003,50.791666666666664
121002,2004,51.583333333333336
121002,2005,52.04166666666668
121002,2006,53.11666666666667
121002,2007,52.26666666666666
121002,2008,51.666666666666664
121002,2009,51.15833333333333
121002,2010,52.55833333333334
121002,2011,52.98333333333333
121002,2012,54.08333333333332
121002,2013,51.49166666666665
121002,2014,50.53333333333333
121002,2015,52.25833333333333
121002,2016,53.550000000000004
121002,2017,53.28333333333333
121002,2018,52.550000000000004
121002,2019,52.625
121002,2020,53.63333333333333
121002,2021,53.44166666666666
121002,2022,52.53333333333333
121002,2023,53.85833333333334
122002,2001,62.958333333333314
122002,2002,62.69999999999999
122002,2003,62.75833333333333
122002,2004,62.68333333333334
122002,2005,63.24999999999999
122002,2006,63.94166666666667
122002,2007,63.025000000000006
122002,2008,62.474999999999994
122002,2009,62.68333333333333
122002,2010,62.416666666666664
122002,2011,63.90833333333334
122002,2012,64.85833333333333
122002,2013,62.25
122002,2014,61.99166666666667
122002,2015,63.66666666666666
122002,2016,64.55000000000001
122002,2017,64.66666666666667
122002,2018,63.6
122002,2019,63.633333333333326
122002,2020,64.19166666666666
122002,2021,63.616666666666674
122002,2022,63.574999999999996
122002,2023,64.94999999999999
123002,2001,48.525000000000006
123002,2002,47.833333333333336
123002,2003,47.458333333333336
123002,2004,47.525000000000006
123002,2005,48.625
123002,2006,49.258333333333326
123002,2007,48.30833333333333
123002,2008,45.93333333333333
123002,2009,46.1
123002,2010,47.84166666666666
123002,2011,47.449999999999996
123002,2012,50.67499999999999
123002,2013,46.14166666666666
123002,2014,45.65833333333334
123002,2015,48.80000000000001
123002,2016,49.78333333333333
123002,2017,48.91666666666668
123002,2018,47.21666666666667
123002,2019,46.083333333333336
123002,2020,48.475
123002,2021,49.26666666666667
123002,2022,47.11666666666667
123002,2023,48.85833333333333
124002,2001,51.225
124002,2002,50.43333333333334
124002,2003,51.79999999999998
124002,2004,50.90833333333334
124002,2005,50.80833333333334
124002,2006,51.13333333333333
124002,2007,51.333333333333336
124002,2008,50.01666666666666
124002,2009,50.175000000000004
124002,2010,49.99999999999999
124002,2011,49.50000000000001
124002,2012,51.900000000000006
124002,2013,50.541666666666664
124002,2014,52.125
124002,2015,52.791666666666664
124002,2016,52.11666666666667
124002,2017,51.783333333333324
124002,2018,51.425000000000004
124002,2019,49.675000000000004
124002,2020,51.96666666666667
124002,2021,52.19166666666666
124002,2022,51.09166666666667
124002,2023,50.775000000000006
201002,2001,45.74999999999999
201002,2002,45.224999999999994
201002,2003,46.900000000000006
201002,2004,46.383333333333326
201002,2005,45.59166666666667
201002,2006,46.00833333333333
201002,2007,45.99166666666667
201002,2008,44.44166666666666
201002,2009,44.90000000000001
201002,2010,45.23333333333333
201002,2011,44.18333333333334
201002,2012,46.23333333333334
201002,2013,45.6
201002,2014,47.01666666666666
201002,2015,48.30833333333334
201002,2016,46.91666666666666
201002,2017,45.85
201002,2018,46.37500000000001
201002,2019,44.916666666666664
201002,2020,46.48333333333333
201002,2021,47.050000000000004
201002,2022,45.73333333333334
201002,2023,46.133333333333326
202002,2001,59.10833333333334
202002,2002,58.84166666666666
202002,2003,59.42499999999999
202002,2004,58.85833333333335
202002,2005,58.59166666666667
202002,2006,58.649999999999984
202002,2007,58.916666666666664
202002,2008,58.91666666666666
202002,2009,58.84166666666666
202002,2010,57.724999999999994
202002,2011,57.43333333333334
202002,2012,59.50833333333333
202002,2013,59.324999999999996
202002,2014,61.449999999999996
202002,2015,60.75833333333333
202002,2016,60.12500000000001
202002,2017,60.33333333333332
202002,2018,60.11666666666667
202002,2019,58.40833333333334
202002,2020,60.5
202002,2021,60.35
202002,2022,60.04999999999999
202002,2023,58.241666666666674
203002,2001,50.583333333333336
203002,2002,49.65833333333333
203002,2003,51.25833333333333
203002,2004,49.650000000000006
203002,2005,49.725
203002,2006,49.800000000000004
203002,2007,50.53333333333333
203002,2008,49.21666666666665
203002,2009,49.275
203002,2010,49.05833333333334
203002,2011,48.458333333333336
203002,2012,51.40833333333333
203002,2013,49.166666666666664
203002,2014,51.76666666666666
203002,2015,51.800000000000004
203002,2016,50.94166666666666
203002,2017,51.23333333333333
203002,2018,51.00000000000001
203002,2019,48.74999999999999
203002,2020,51.35
203002,2021,51.48333333333334
203002,2022,50.458333333333336
203002,2023,48.98333333333333
204002,2001,60.083333333333336
204002,2002,59.975
204002,2003,60.78333333333334
204002,2004,59.24999999999999
204002,2005,60.04999999999999
204002,2006,59.975
204002,2007,60.433333333333344
204002,2008,59.38333333333333
204002,2009,59.875
204002,2010,59.275000000000006
204002,2011,59.175000000000004
204002,2012,60.975
204002,2013,59.275000000000006
204002,2014,61.09166666666667
204002,2015,60.64166666666667
204002,2016,61.025
204002,2017,61.87500000000001
204002,2018,61.13333333333333
204002,2019,59.14166666666666
204002,2020,61.458333333333314
204002,2021,60.99166666666665
204002,2022,60.13333333333333
204002,2023,59.64166666666666
205002,2001,46.025
205002,2002,44.900000000000006
205002,2003,46.39166666666666
205002,2004,44.86666666666667
205002,2005,45.55833333333333
205002,2006,45.25
205002,2007,46.025000000000006
205002,2008,43.74166666666667
205002,2009,44.48333333333333
205002,2010,44.65
205002,2011,43.800000000000004
205002,2012,47.26666666666667
205002,2013,44.06666666666666
205002,2014,46.0
205002,2015,46.73333333333332
205002,2016,46.15833333333333
205002,2017,47.083333333333336
205002,2018,46.625
205002,2019,44.01666666666667
205002,2020,45.99166666666667
205002,2021,46.75
205002,2022,45.39166666666667
205002,2023,44.24166666666667
206002,2001,60.54166666666666
206002,2002,60.208333333333336
206002,2003,60.83333333333334
206002,2004,59.49166666666665
206002,2005,60.63333333333333
206002,2006,61.225
206002,2007,59.724999999999994
206002,2008,59.916666666666664
206002,2009,60.525000000000006
206002,2010,59.89166666666667
206002,2011,61.29999999999999
206002,2012,62.05000000000001
206002,2013,59.775000000000006
206002,2014,60.425000000000004
206002,2015,60.60833333333333
206002,2016,61.54999999999999
206002,2017,62.23333333333334
206002,2018,61.225
206002,2019,60.699999999999996
206002,2020,61.98333333333334
206002,2021,61.258333333333326
206002,2022,60.79166666666668
206002,2023,62.166666666666664
207002,2001,66.00833333333333
207002,2002,65.425
207002,2003,65.95833333333333
207002,2004,66.19166666666666
207002,2005,66.80833333333334
207002,2006,67.86666666666666
207002,2007,65.7
207002,2008,66.21666666666667
207002,2009,66.29166666666667
207002,2010,65.8
207002,2011,68.06666666666666
207002,2012,68.47500000000001
207002,2013,65.70833333333333
207002,2014,65.16666666666667
207002,2015,66.6
207002,2016,67.96666666666667
207002,2017,68.05833333333335
207002,2018,66.51666666666668
207002,2019,66.39999999999999
207002,2020,67.275
207002,2021,66.7
207002,2022,67.28333333333333
207002,2023,68.8
208002,2001,58.41666666666666
208002,2002,57.37500000000001
208002,2003,57.849999999999994
208002,2004,57.64166666666667
208002,2005,58.416666666666664
208002,2006,59.29999999999999
208002,2007,57.599999999999994
208002,2008,57.04999999999999
208002,2009,57.025
208002,2010,57.933333333333316
208002,2011,58.79999999999999
208002,2012,60.574999999999996
208002,2013,56.71666666666667
208002,2014,56.69166666666666
208002,2015,58.46666666666667
208002,2016,59.64166666666666
208002,2017,59.349999999999994
208002,2018,58.024999999999984
208002,2019,57.474999999999994
208002,2020,58.550000000000004
208002,2021,58.474999999999994
208002,2022,58.26666666666667
208002,2023,59.241666666666674
209002,2001,63.94166666666666
209002,2002,63.80833333333333
209002,2003,63.241666666666674
209002,2004,64.14166666666667
209002,2005,64.65833333333332
209002,2006,64.81666666666666
209002,2007,64.87499999999999
209002,2008,63.30833333333333
209002,2009,63.491666666666674
209002,2010,63.816666666666656
209002,2011,64.64166666666667
209002,2012,66.04166666666667
209002,2013,62.96666666666667
209002,2014,61.91666666666666
209002,2015,64.81666666666668
209002,2016,65.825
209002,2017,65.65833333333333
209002,2018,64.49999999999999
209002,2019,64.66666666666667
209002,2020,64.86666666666667
209002,2021,64.45833333333334
209002,2022,64.20833333333333
209002,2023,66.35833333333333
210002,2001,47.56666666666666
210002,2002,46.400000000000006
210002,2003,47.00833333333335
210002,2004,46.800000000000004
210002,2005,47.59166666666667
210002,2006,48.39166666666667
210002,2007,47.525000000000006
210002,2008,45.050000000000004
210002,2009,44.89166666666667
210002,2010,46.074999999999996
210002,2011,45.82500000000001
210002,2012,49.5
210002,2013,45.675000000000004
210002,2014,45.349999999999994
210002,2015,48.291666666666664
210002,2016,48.783333333333324
210002,2017,47.67499999999999
210002,2018,45.599999999999994
210002,2019,44.31666666666667
210002,2020,47.449999999999996
210002,2021,48.15
210002,2022,46.26666666666667
210002,2023,47.48333333333333
211002,2001,41.525
211002,2002,40.15833333333334
211002,2003,39.824999999999996
211002,2004,39.358333333333334
211002,2005,41.43333333333333
211002,2006,42.949999999999996
211002,2007,40.550000000000004
211002,2008,38.00000000000001
211002,2009,37.983333333333334
211002,2010,40.96666666666666
211002,2011,40.208333333333336
211002,2012,43.24166666666667
211002,2013,37.475
211002,2014,37.55
211002,2015,42.21666666666666
211002,2016,43.32500000000001
211002,2017,40.958333333333336
211002,2018,38.949999999999996
211002,2019,37.31666666666666
211002,2020,40.925000000000004
211002,2021,42.89166666666667
211002,2022,38.15833333333333
211002,2023,41.475
212002,2001,48.725
212002,2002,48.39166666666666
212002,2003,47.25
212002,2004,47.74166666666667
212002,2005,49.050000000000004
212002,2006,49.76666666666667
212002,2007,48.63333333333333
212002,2008,45.708333333333336
212002,2009,46.34166666666667
212002,2010,48.35833333333333
212002,2011,48.06666666666667
212002,2012,51.30833333333334
212002,2013,45.88333333333333
212002,2014,44.69166666666666
212002,2015,48.791666666666664
212002,2016,50.208333333333336
212002,2017,49.208333333333336
212002,2018,47.158333333333324
212002,2019,46.35
212002,2020,48.600000000000016
212002,2021,49.53333333333334
212002,2022,46.900000000000006
212002,2023,50.00833333333333
213002,2001,47.44166666666666
213002,2002,46.699999999999996
213002,2003,44.73333333333334
213002,2004,45.40833333333333
213002,2005,46.65
213002,2006,47.73333333333334
213002,2007,46.63333333333333
213002,2008,44.93333333333333
213002,2009,44.68333333333333
213002,2010,47.55833333333334
213002,2011,46.583333333333336
213002,2012,49.12499999999999
213002,2013,45.00833333333333
213002,2014,43.041666666666664
213002,2015,45.925000000000004
213002,2016,48.07500000000001
213002,2017,47.16666666666666
213002,2018,46.03333333333333
213002,2019,45.04999999999999
213002,2020,47.475
213002,2021,48.116666666666674
213002,2022,46.050000000000004
213002,2023,48.28333333333334
214002,2001,57.958333333333336
214002,2002,58.550000000000004
214002,2003,57.35833333333333
214002,2004,58.324999999999996
214002,2005,58.49166666666667
214002,2006,58.71666666666667
214002,2007,59.73333333333333
214002,2008,57.5
214002,2009,57.4
214002,2010,57.61666666666667
214002,2011,58.74166666666665
214002,2012,60.066666666666684
214002,2013,57.00833333333335
214002,2014,56.56666666666666
214002,2015,58.958333333333336
214002,2016,60.15833333333333
214002,2017,59.79166666666668
214002,2018,59.041666666666664
214002,2019,59.900000000000006
214002,2020,59.208333333333336
214002,2021,58.89166666666667
214002,2022,58.449999999999996
214002,2023,59.75833333333333
215002,2001,53.65833333333333
215002,2002,53.89166666666667
215002,2003,52.050000000000004
215002,2004,53.14166666666667
215002,2005,53.583333333333336
215002,2006,53.98333333333334
215002,2007,54.12499999999999
215002,2008,52.14166666666666
215002,2009,52.216666666666676
215002,2010,53.041666666666664
215002,2011,53.95833333333334
215002,2012,55.50000000000001
215002,2013,52.15
215002,2014,50.9
215002,2015,53.39166666666667
215002,2016,54.90833333333333
215002,2017,54.708333333333336
215002,2018,53.65833333333333
215002,2019,53.93333333333334
215002,2020,54.24166666666667
215002,2021,54.24166666666667
215002,2022,53.06666666666666
215002,2023,54.98333333333334
216002,2001,64.39999999999999
216002,2002,64.88333333333334
216002,2003,63.96666666666667
216002,2004,64.45833333333333
216002,2005,64.45
216002,2006,65.06666666666668
216002,2007,65.43333333333334
216002,2008,64.19999999999999
216002,2009,64.175
216002,2010,63.57500000000001
216002,2011,65.21666666666667
216002,2012,65.84166666666667
216002,2013,64.075
216002,2014,63.541666666666664
216002,2015,66.04166666666667
216002,2016,66.19166666666666
216002,2017,66.3
216002,2018,65.625
216002,2019,66.525
216002,2020,66.18333333333332
216002,2021,65.33333333333334
216002,2022,65.35833333333333
216002,2023,66.34166666666667
217002,2001,51.68333333333334
217002,2002,52.18333333333334
217002,2003,49.99999999999999
217002,2004,50.96666666666667
217002,2005,51.449999999999996
217002,2006,52.66666666666668
217002,2007,51.53333333333333
217002,2008,51.208333333333336
217002,2009,50.55833333333333
217002,2010,52.21666666666667
217002,2011,52.51666666666667
217002,2012,53.666666666666664
217002,2013,50.93333333333334
217002,2014,49.775000000000006
217002,2015,51.525000000000006
217002,2016,52.76666666666666
217002,2017,52.53333333333333
217002,2018,51.79166666666668
217002,2019,51.90833333333333
217002,2020,53.13333333333333
217002,2021,52.89166666666666
217002,2022,51.81666666666667
217002,2023,53.341666666666676
218002,2001,44.61666666666667
218002,2002,44.14166666666667
218002,2003,42.483333333333334
218002,2004,42.69166666666666
218002,2005,43.90833333333334
218002,2006,45.833333333333336
218002,2007,43.041666666666664
218002,2008,43.78333333333333
218002,2009,42.975
218002,2010,46.25
218002,2011,44.92499999999999
218002,2012,46.258333333333326
218002,2013,44.05833333333333
218002,2014,43.1
218002,2015,43.46666666666667
218002,2016,45.48333333333334
218002,2017,44.64166666666667
218002,2018,44.175000000000004
218002,2019,43.06666666666666
218002,2020,45.74999999999999
218002,2021,46.116666666666674
218002,2022,45.416666666666664
218002,2023,46.458333333333336
220002,2001,49.70000000000001
220002,2002,49.06666666666666
220002,2003,48.78333333333333
220002,2004,49.01666666666666
220002,2005,49.76666666666666
220002,2006,50.48333333333333
220002,2007,49.76666666666666
220002,2008,47.45000000000001
220002,2009,47.525
220002,2010,48.76666666666667
220002,2011,48.800000000000004
220002,2012,51.75
220002,2013,47.824999999999996
220002,2014,47.16666666666668
220002,2015,50.13333333333335
220002,2016,51.008333333333326
220002,2017,50.208333333333336
220002,2018,48.475000000000016
220002,2019,47.68333333333334
220002,2020,49.81666666666666
220002,2021,50.37500000000001
220002,2022,48.616666666666674
220002,2023,50.300000000000004
250002,2001,44.4
250002,2002,43.11666666666667
250002,2003,44.1
250002,2004,43.574999999999996
250002,2005,44.275
250002,2006,45.16666666666666
250002,2007,44.39166666666666
250002,2008,41.94166666666667
250002,2009,41.87499999999999
250002,2010,43.06666666666666
250002,2011,42.574999999999996
250002,2012,45.866666666666674
250002,2013,42.38333333333333
250002,2014,42.68333333333334
250002,2015,45.650000000000006
250002,2016,45.650000000000006
250002,2017,44.333333333333336
250002,2018,42.94166666666667
250002,2019,41.18333333333334
250002,2020,44.375
250002,2021,45.39166666666666
250002,2022,42.800000000000004
250002,2023,44.25
255002,2001,56.5
255002,2002,55.57499999999999
255002,2003,55.824999999999996
255002,2004,55.66666666666666
255002,2005,56.35833333333333
255002,2006,57.333333333333336
255002,2007,55.45000000000001
255002,2008,54.625
255002,2009,54.541666666666664
255002,2010,55.741666666666674
255002,2011,56.12500000000001
255002,2012,58.591666666666676
255002,2013,54.60833333333333
255002,2014,54.574999999999996
255002,2015,56.65
255002,2016,57.61666666666667
255002,2017,57.025
255002,2018,55.42500000000001
255002,2019,54.658333333333324
255002,2020,56.475
255002,2021,56.57500000000001
255002,2022,55.99999999999999
255002,2023,56.85833333333334
256002,2001,53.51666666666667
256002,2002,52.60833333333333
256002,2003,52.81666666666667
256002,2004,52.833333333333336
256002,2005,53.44166666666666
256002,2006,54.34166666666667
256002,2007,53.275000000000006
256002,2008,51.666666666666664
256002,2009,51.64166666666667
256002,2010,52.599999999999994
256002,2011,52.90833333333334
256002,2012,55.400000000000006
256002,2013,51.875
256002,2014,51.475
256002,2015,53.89166666666667
256002,2016,54.725
256002,2017,54.0
256002,2018,52.46666666666667
256002,2019,51.64166666666667
256002,2020,53.60833333333334
256002,2021,53.925000000000004
256002,2022,52.82500000000001
256002,2023,54.291666666666664
260002,2001,52.48333333333333
260002,2002,52.34999999999999
260002,2003,51.09166666666667
260002,2004,51.791666666666664
260002,2005,52.76666666666667
260002,2006,53.40833333333333
260002,2007,52.69166666666666
260002,2008,50.100000000000016
260002,2009,50.45833333333334
260002,2010,51.974999999999994
260002,2011,52.07500000000001
260002,2012,54.975
260002,2013,50.21666666666667
260002,2014,49.18333333333333
260002,2015,52.54166666666666
260002,2016,54.04999999999999
260002,2017,53.39166666666668
260002,2018,51.51666666666666
260002,2019,51.04999999999999
260002,2020,52.64166666666667
260002,2021,53.24999999999999
260002,2022,51.44166666666666
260002,2023,53.82500000000001
261002,2001,49.96666666666667
261002,2002,49.88333333333333
261002,2003,48.616666666666674
261002,2004,49.225
261002,2005,50.25000000000001
261002,2006,50.90833333333334
261002,2007,49.791666666666664
261002,2008,47.333333333333336
261002,2009,47.65833333333333
261002,2010,49.375
261002,2011,49.26666666666667
261002,2012,52.458333333333336
261002,2013,47.64166666666667
261002,2014,46.524999999999984
261002,2015,49.991666666666674
261002,2016,51.425000000000004
261002,2017,50.66666666666666
261002,2018,48.59166666666667
261002,2019,47.958333333333336
261002,2020,50.13333333333333
261002,2021,50.833333333333336
261002,2022,48.708333333333336
261002,2023,50.99999999999999
262002,2001,51.56666666666667
262002,2002,51.425000000000004
262002,2003,50.22499999999999
262002,2004,50.81666666666667
262002,2005,51.89166666666667
262002,2006,52.56666666666667
262002,2007,51.625
262002,2008,49.116666666666674
262002,2009,49.475
262002,2010,51.05833333333333
262002,2011,51.1
262002,2012,54.03333333333333
262002,2013,49.25833333333333
262002,2014,48.21666666666667
262002,2015,51.699999999999996
262002,2016,53.13333333333333
262002,2017,52.416666666666664
262002,2018,50.44166666666666
262002,2019,49.85833333333333
262002,2020,51.69166666666667
262002,2021,52.425000000000004
262002,2022,50.34166666666666
262002,2023,52.80833333333334
265002,2001,63.33333333333332
265002,2002,62.900000000000006
265002,2003,62.991666666666674
265002,2004,62.974999999999994
265002,2005,63.333333333333336
265002,2006,63.966666666666676
265002,2007,63.10833333333333
265002,2008,62.94999999999999
265002,2009,62.94999999999999
265002,2010,62.55833333333334
265002,2011,63.85833333333332
265002,2012,64.90833333333333
265002,2013,62.61666666666665
265002,2014,62.65833333333334
265002,2015,63.80833333333334
265002,2016,64.70833333333333
265002,2017,64.74999999999999
265002,2018,63.775000000000006
265002,2019,63.55833333333334
265002,2020,64.39166666666667
265002,2021,63.76666666666666
265002,2022,63.80833333333334
265002,2023,64.66666666666667
350002,2001,43.31666666666667
350002,2002,42.03333333333333
350002,2003,42.43333333333334
350002,2004,41.93333333333334
350002,2005,43.30833333333334
350002,2006,44.541666666666664
350002,2007,42.99166666666667
350002,2008,40.483333333333334
350002,2009,40.208333333333336
350002,2010,42.11666666666667
350002,2011,41.666666666666664
350002,2012,44.98333333333333
350002,2013,40.46666666666666
350002,2014,40.64166666666667
350002,2015,44.50833333333333
350002,2016,45.041666666666664
350002,2017,43.083333333333336
350002,2018,41.19166666666666
350002,2019,39.425
350002,2020,43.10833333333333
350002,2021,44.625
350002,2022,40.94166666666666
350002,2023,43.291666666666664
356002,2001,54.425000000000004
356002,2002,53.783333333333324
356002,2003,53.791666666666664
356002,2004,53.88333333333333
356002,2005,54.33333333333332
356002,2006,55.09166666666667
356002,2007,54.05833333333333
356002,2008,52.724999999999994
356002,2009,52.716666666666676
356002,2010,53.775
356002,2011,53.84166666666667
356002,2012,56.175000000000004
356002,2013,52.849999999999994
356002,2014,52.75
356002,2015,54.96666666666667
356002,2016,55.583333333333336
356002,2017,54.941666666666684
356002,2018,53.78333333333333
356002,2019,52.98333333333334
356002,2020,54.65
356002,2021,54.916666666666664
356002,2022,53.91666666666668
356002,2023,55.04999999999999
361002,2001,51.29999999999999
361002,2002,51.14166666666666
361002,2003,49.974999999999994
361002,2004,50.54166666666668
361002,2005,51.50833333333335
361002,2006,52.199999999999996
361002,2007,51.133333333333326
361002,2008,48.833333333333336
361002,2009,49.133333333333326
361002,2010,50.70000000000001
361002,2011,50.73333333333333
361002,2012,53.708333333333336
361002,2013,49.10833333333333
361002,2014,48.04999999999999
361002,2015,51.32500000000001
361002,2016,52.70000000000002
361002,2017,52.050000000000004
361002,2018,50.099999999999994
361002,2019,49.533333333333324
361002,2020,51.475
361002,2021,52.058333333333344
361002,2022,50.166666666666664
361002,2023,52.39166666666667
362002,2001,52.26666666666667
362002,2002,52.19166666666666
362002,2003,50.89166666666667
362002,2004,51.6
362002,2005,52.53333333333333
362002,2006,53.20833333333334
362002,2007,52.375
362002,2008,49.916666666666664
362002,2009,50.275000000000006
362002,2010,51.73333333333334
362002,2011,51.883333333333326
362002,2012,54.74166666666667
362002,2013,50.125
362002,2014,48.974999999999994
362002,2015,52.308333333333344
362002,2016,53.800000000000004
362002,2017,53.19166666666666
362002,2018,51.28333333333333
362002,2019,50.82500000000001
362002,2020,52.48333333333334
362002,2021,53.074999999999996
362002,2022,51.225000000000016
362002,2023,53.59166666666667
365002,2001,62.85
365002,2002,62.550000000000004
365002,2003,62.43333333333334
365002,2004,62.56666666666666
365002,2005,62.9
365002,2006,63.40833333333334
365002,2007,62.98333333333333
365002,2008,62.300000000000004
365002,2009,62.333333333333336
365002,2010,62.208333333333336
365002,2011,63.18333333333334
365002,2012,64.46666666666667
365002,2013,62.074999999999996
365002,2014,61.958333333333336
365002,2015,63.51666666666668
365002,2016,64.35000000000001
365002,2017,64.34166666666665
365002,2018,63.32499999999999
365002,2019,63.208333333333336
365002,2020,63.875
365002,2021,63.333333333333336
365002,2022,63.23333333333334
365002,2023,64.25833333333334
